File;Factor;Pitch;Testeur0;Testeur1;Testeur2;Testeur3;Testeur4;Testeur5;Testeur6;Testeur7;Moyenne;Sexe
1;0,5;-3;1,00;2,00;1,00;1,00;3,00;1,00;1,00;1,00;1,38;Homme
1;0,5;-2;1,00;2,00;1,00;1,50;4,00;2,50;4,00;1,00;2,12;Homme
1;0,5;-1;1,00;1,00;1,00;3,00;2,50;2,50;3,00;1,00;1,88;Homme
1;0,5;0;1,00;1,00;1,00;1,50;2,00;1,00;1,00;1,00;1,19;Homme
1;0,5;1;1,00;;1,00;3,50;2,20;1,00;2,00;1,00;1,67;Homme
1;0,5;2;1,00;1,00;1,00;2,00;3,00;1,00;4,00;1,00;1,75;Homme
1;0,5;3;1,00;5,00;1,00;3,50;1,30;2,00;1,00;1,00;1,98;Homme
1;0,6;-3;1,00;2,00;1,00;1,00;4,00;1,00;1,00;1,00;1,50;Homme
1;0,6;-2;1,00;2,00;1,00;1,50;4,00;1,00;1,50;1,00;1,62;Homme
1;0,6;-1;1,00;;1,00;1,50;4,20;1,00;3,50;1,00;1,89;Homme
1;0,6;0;1,00;5,00;1,00;2,00;2,00;2,00;2,00;1,00;2,00;Homme
1;0,6;1;1,00;1,00;1,00;3,00;4,00;1,00;1,50;1,00;1,69;Homme
1;0,6;2;1,00;1,00;1,00;3,00;3,50;1,00;3,00;1,00;1,81;Homme
1;0,6;3;1,00;2,00;1,00;2,00;4,00;1,50;4,00;1,00;2,06;Homme
1;0,7;-3;1,00;4,00;1,00;2,50;4,00;2,00;1,50;2,00;2,25;Homme
1;0,7;-2;1,00;2,00;1,00;1,50;2,00;3,00;2,00;1,00;1,69;Homme
1;0,7;-1;2,00;2,00;2,00;2,00;4,00;2,50;3,00;1,00;2,31;Homme
1;0,7;0;1,00;3,00;1,00;1,50;2,00;1,00;1,50;1,00;1,50;Homme
1;0,7;1;4,00;1,00;4,00;4,00;2,00;1,00;2,00;1,00;2,38;Homme
1;0,7;2;1,00;;1,00;4,00;4,00;1,30;3,00;1,00;2,19;Homme
1;0,7;3;4,00;4,00;4,00;2,50;1,00;1,00;4,00;1,00;2,69;Homme
1;0,8;-3;1,00;3,00;1,00;1,00;3,00;1,00;2,50;1,00;1,69;Homme
1;0,8;-2;1,00;2,00;1,00;2,00;3,00;2,00;3,50;1,00;1,94;Homme
1;0,8;-1;1,00;4,00;1,00;4,00;2,00;3,50;2,50;2,00;2,50;Homme
1;0,8;0;1,00;2,00;1,00;2,00;2,00;2,50;1,00;1,00;1,56;Homme
1;0,8;1;4,00;5,00;4,00;4,00;3,50;1,50;1,50;1,00;3,06;Homme
1;0,8;2;1,00;2,00;1,00;4,00;4,00;3,50;3,00;1,00;2,44;Homme
1;0,8;3;1,00;1,00;1,00;3,00;1,00;1,50;1,00;1,00;1,31;Homme
1;0,9;-3;1,00;4,00;1,00;1,00;4,00;2,00;3,00;1,00;2,12;Homme
1;0,9;-2;1,00;4,00;1,00;1,00;3,00;4,00;1,00;1,50;2,06;Homme
1;0,9;-1;3,00;2,00;3,00;1,50;2,00;1,50;4,00;2,00;2,38;Homme
1;0,9;0;1,00;3,00;1,00;1,50;1,20;2,00;4,00;2,00;1,96;Homme
1;0,9;1;1,00;3,00;1,00;2,50;1,00;2,00;2,50;1,00;1,75;Homme
1;0,9;2;2,00;2,00;2,00;2,50;1,00;1,50;1,00;1,00;1,62;Homme
1;0,9;3;2,00;2,00;2,00;2,00;3,00;3,50;2,00;1,00;2,19;Homme
1;1,0;-3;1,00;4,00;1,00;1,50;1,00;2,00;3,50;1,00;1,88;Homme
1;1,0;-2;1,00;5,00;1,00;1,50;1,00;3,00;4,00;1,50;2,25;Homme
1;1,0;-1;1,00;4,00;1,00;2,00;3,50;4,00;4,00;3,00;2,81;Homme
1;1,0;0;2,00;3,00;2,00;3,50;4,50;2,50;4,00;3,00;3,06;Homme
1;1,0;1;3,00;2,00;3,00;3,00;1,00;1,00;3,00;1,00;2,12;Homme
1;1,0;2;3,00;;3,00;5,00;3,00;3,00;4,00;1,00;3,14;Homme
1;1,0;3;2,00;2,00;2,00;3,00;2,00;2,00;1,00;1,00;1,88;Homme
1;1,1;-3;1,00;4,00;1,00;2,00;3,50;1,20;3,00;1,00;2,09;Homme
1;1,1;-2;2,00;4,00;2,00;2,00;3,00;2,00;2,00;2,00;2,38;Homme
1;1,1;-1;1,00;5,00;1,00;1,50;3,50;2,00;3,00;1,00;2,25;Homme
1;1,1;0;4,00;4,00;4,00;3,50;3,00;3,00;2,50;2,00;3,25;Homme
1;1,1;1;4,00;1,00;4,00;3,00;2,00;1,00;2,00;1,00;2,25;Homme
1;1,1;2;3,00;2,00;3,00;5,00;2,00;1,10;2,00;3,00;2,64;Homme
1;1,1;3;4,00;;4,00;4,00;2,00;2,00;2,00;3,00;3,00;Homme
1;1,2;-3;1,00;3,00;1,00;1,00;1,00;1,50;4,00;1,00;1,69;Homme
1;1,2;-2;1,00;4,00;1,00;2,00;1,00;1,50;2,00;1,00;1,69;Homme
1;1,2;-1;1,00;4,00;1,00;3,00;3,00;3,00;1,50;1,00;2,19;Homme
1;1,2;0;1,00;5,00;1,00;3,00;3,50;3,00;4,00;2,00;2,81;Homme
1;1,2;1;5,00;4,00;5,00;4,00;1,30;2,00;4,50;1,00;3,35;Homme
1;1,2;2;2,00;4,00;2,00;4,50;4,00;3,00;4,00;1,00;3,06;Homme
1;1,2;3;2,00;5,00;2,00;3,50;3,00;3,50;3,50;1,00;2,94;Homme
1;1,3;-3;1,00;4,00;1,00;1,00;3,00;3,00;2,00;1,00;2,00;Homme
1;1,3;-2;1,00;4,00;1,00;1,00;2,30;3,50;1,50;1,50;1,98;Homme
1;1,3;-1;1,00;4,00;1,00;3,00;3,50;2,50;2,00;1,00;2,25;Homme
1;1,3;0;1,00;4,00;1,00;4,00;1,00;2,20;1,00;3,00;2,15;Homme
1;1,3;1;2,00;2,00;2,00;4,50;3,00;3,00;2,00;3,00;2,69;Homme
1;1,3;2;2,00;4,00;2,00;5,00;3,00;3,00;4,00;4,50;3,44;Homme
1;1,3;3;4,00;5,00;4,00;3,50;1,50;3,00;2,00;1,00;3,00;Homme
1;1,4;-3;1,00;4,00;1,00;1,50;3,00;1,00;1,50;1,00;1,75;Homme
1;1,4;-2;1,00;4,00;1,00;1,00;3,50;2,00;1,00;1,00;1,81;Homme
1;1,4;-1;1,00;4,00;1,00;2,00;4,00;2,50;4,50;1,00;2,50;Homme
1;1,4;0;2,00;4,00;2,00;3,50;3,00;3,00;3,00;3,00;2,94;Homme
1;1,4;1;2,00;5,00;2,00;3,00;4,00;1,00;4,00;1,00;2,75;Homme
1;1,4;2;2,00;4,00;2,00;4,00;2,00;3,50;4,00;2,00;2,94;Homme
1;1,4;3;1,00;4,00;1,00;4,00;2,00;3,00;4,00;3,00;2,75;Homme
1;1,5;-3;1,00;3,00;1,00;1,00;3,00;1,00;2,50;1,00;1,69;Homme
1;1,5;-2;1,00;4,00;1,00;1,00;3,00;1,50;1,50;1,00;1,75;Homme
1;1,5;-1;1,00;;1,00;3,50;2,00;2,30;3,00;2,50;2,19;Homme
1;1,5;0;1,00;4,00;1,00;3,00;3,20;2,50;1,50;3,50;2,46;Homme
1;1,5;1;2,00;5,00;2,00;4,50;3,30;3,00;4,00;1,00;3,10;Homme
1;1,5;2;1,00;5,00;1,00;3,00;3,00;4,00;2,00;1,00;2,50;Homme
1;1,5;3;1,00;5,00;1,00;4,00;1,00;2,30;2,50;2,00;2,35;Homme
1;1,6;-3;1,00;3,00;1,00;1,00;1,50;2,00;3,00;1,00;1,69;Homme
1;1,6;-2;1,00;2,00;1,00;;;;;1,00;1,25;Homme
1;1,6;-1;1,00;4,00;1,00;1,00;2,00;2,00;1,00;1,00;1,62;Homme
1;1,6;0;3,00;2,00;3,00;2,00;3,00;3,00;1,50;1,50;2,38;Homme
1;1,6;1;3,00;2,00;3,00;4,50;3,10;3,50;2,50;2,00;2,95;Homme
1;1,6;2;1,00;2,00;1,00;3,50;1,00;3,50;1,50;3,50;2,12;Homme
1;1,6;3;3,00;5,00;3,00;3,50;2,00;1,00;3,50;2,00;2,88;Homme
1;1,7;-3;1,00;3,00;1,00;1,00;1,00;1,00;2,00;1,00;1,38;Homme
1;1,7;-2;1,00;;1,00;1,00;2,50;2,00;1,50;1,00;1,43;Homme
1;1,7;-1;1,00;5,00;1,00;3,50;4,20;1,00;1,50;3,00;2,53;Homme
1;1,7;0;3,00;4,00;3,00;3,00;4,00;3,00;3,00;4,00;3,38;Homme
1;1,7;1;2,00;4,00;2,00;2,00;1,00;1,00;4,00;2,00;2,25;Homme
1;1,7;2;2,00;3,00;2,00;3,00;3,00;2,30;1,50;2,50;2,41;Homme
1;1,7;3;1,00;4,00;1,00;4,00;3,00;3,00;2,00;3,00;2,62;Homme
1;1,8;-3;1,00;2,00;1,00;1,00;1,00;2,00;3,50;1,50;1,62;Homme
1;1,8;-2;1,00;4,00;1,00;1,50;3,50;1,00;4,00;1,00;2,12;Homme
1;1,8;-1;1,00;4,00;1,00;1,00;3,50;1,00;3,00;1,00;1,94;Homme
1;1,8;0;1,00;4,00;1,00;2,50;1,00;1,00;2,50;1,00;1,75;Homme
1;1,8;1;2,00;1,00;2,00;2,00;3,50;1,00;2,00;3,00;2,06;Homme
1;1,8;2;2,00;2,00;2,00;4,50;2,20;2,50;4,50;2,50;2,78;Homme
1;1,8;3;2,00;4,00;2,00;3,00;3,00;2,00;3,00;2,00;2,62;Homme
2;0,5;-3;1,00;1,00;1,00;1,00;1,30;1,00;2,50;1,00;1,23;Homme
2;0,5;-2;1,00;1,00;1,00;2,50;1,50;1,50;1,50;1,00;1,38;Homme
2;0,5;-1;1,00;1,00;1,00;1,50;2,20;1,00;1,50;1,00;1,27;Homme
2;0,5;0;1,00;1,00;1,00;1,00;1,00;1,00;2,00;1,00;1,12;Homme
2;0,5;1;1,00;1,00;1,00;1,00;1,00;1,00;1,00;1,00;1,00;Homme
2;0,5;2;1,00;1,00;1,00;1,00;1,00;1,00;2,50;1,00;1,19;Homme
2;0,5;3;1,00;1,00;1,00;1,00;2,20;1,00;1,00;1,00;1,15;Homme
2;0,6;-3;1,00;1,00;1,00;1,00;3,20;1,00;2,00;1,00;1,40;Homme
2;0,6;-2;1,00;1,00;1,00;2,50;1,50;1,50;4,00;1,00;1,69;Homme
2;0,6;-1;1,00;1,00;1,00;2,00;1,10;1,00;1,00;1,00;1,14;Homme
2;0,6;0;1,00;5,00;1,00;1,00;3,00;1,00;1,50;1,00;1,81;Homme
2;0,6;1;1,00;1,00;1,00;1,00;1,00;1,00;1,50;1,00;1,06;Homme
2;0,6;2;1,00;1,00;1,00;1,50;3,30;2,00;1,00;1,00;1,48;Homme
2;0,6;3;1,00;1,00;1,00;1,50;3,50;1,00;1,00;1,00;1,38;Homme
2;0,7;-3;1,00;1,00;1,00;3,00;3,00;2,00;1,50;1,00;1,69;Homme
2;0,7;-2;1,00;2,00;1,00;2,00;2,00;2,50;2,50;1,00;1,75;Homme
2;0,7;-1;1,00;1,00;1,00;1,50;1,00;1,00;1,00;1,00;1,06;Homme
2;0,7;0;1,00;1,00;1,00;1,00;2,00;1,50;2,00;1,00;1,31;Homme
2;0,7;1;1,00;2,00;1,00;3,50;1,00;1,00;1,00;1,00;1,44;Homme
2;0,7;2;1,00;1,00;1,00;3,00;3,00;1,00;2,00;1,00;1,62;Homme
2;0,7;3;1,00;2,00;1,00;2,00;2,50;1,50;1,50;1,00;1,56;Homme
2;0,8;-3;1,00;2,00;1,00;2,00;2,50;2,00;1,00;1,00;1,56;Homme
2;0,8;-2;1,00;2,00;1,00;2,50;3,00;1,00;1,50;1,00;1,62;Homme
2;0,8;-1;1,00;3,00;1,00;3,00;1,00;1,50;1,00;1,00;1,56;Homme
2;0,8;0;1,00;2,00;1,00;2,00;2,00;1,00;1,50;1,00;1,44;Homme
2;0,8;1;1,00;1,00;1,00;3,00;1,20;1,30;1,50;1,00;1,38;Homme
2;0,8;2;1,00;2,00;1,00;1,50;2,00;1,00;1,00;1,00;1,31;Homme
2;0,8;3;1,00;2,00;1,00;4,00;2,50;1,50;1,50;1,00;1,81;Homme
2;0,9;-3;1,00;2,00;1,00;3,00;3,00;2,00;2,50;1,00;1,94;Homme
2;0,9;-2;1,00;3,00;1,00;1,00;3,00;2,00;2,50;1,00;1,81;Homme
2;0,9;-1;1,00;1,00;1,00;3,00;3,00;2,00;3,00;2,00;2,00;Homme
2;0,9;0;1,00;2,00;1,00;2,50;2,00;2,50;1,00;1,00;1,62;Homme
2;0,9;1;1,00;2,00;1,00;2,00;2,00;2,50;1,50;2,00;1,75;Homme
2;0,9;2;1,00;2,00;1,00;3,50;3,00;1,00;3,00;1,00;1,94;Homme
2;0,9;3;1,00;2,00;1,00;3,50;1,00;1,00;1,50;1,00;1,50;Homme
2;1,0;-3;1,00;2,00;1,00;3,50;3,00;2,30;1,50;2,00;2,04;Homme
2;1,0;-2;1,00;2,00;1,00;3,00;2,00;1,50;3,00;1,00;1,81;Homme
2;1,0;-1;1,00;2,00;1,00;3,50;2,00;2,00;2,20;1,00;1,84;Homme
2;1,0;0;1,00;2,00;1,00;4,00;3,50;2,00;1,00;1,00;1,94;Homme
2;1,0;1;1,00;2,00;1,00;4,50;3,50;3,00;1,50;2,00;2,31;Homme
2;1,0;2;1,00;2,00;1,00;4,00;3,50;2,50;2,00;1,00;2,12;Homme
2;1,0;3;1,00;2,00;1,00;3,00;3,50;2,00;4,00;1,00;2,19;Homme
2;1,1;-3;1,00;3,00;1,00;2,00;3,50;2,00;1,50;1,00;1,88;Homme
2;1,1;-2;1,00;2,00;1,00;4,00;1,00;1,00;1,50;1,00;1,56;Homme
2;1,1;-1;2,00;2,00;2,00;2,50;3,50;2,00;2,50;1,00;2,19;Homme
2;1,1;0;1,00;2,00;1,00;3,50;1,00;2,50;3,00;1,00;1,88;Homme
2;1,1;1;1,00;3,00;1,00;4,00;3,50;3,00;2,00;1,00;2,31;Homme
2;1,1;2;1,00;2,00;1,00;4,50;3,00;2,50;1,00;1,00;2,00;Homme
2;1,1;3;1,00;2,00;1,00;3,00;3,00;1,50;1,00;1,00;1,69;Homme
2;1,2;-3;1,00;3,00;1,00;3,50;2,00;2,00;4,00;1,00;2,19;Homme
2;1,2;-2;1,00;4,00;1,00;1,50;2,00;1,00;1,00;1,00;1,56;Homme
2;1,2;-1;1,00;2,00;1,00;4,00;1,00;3,00;2,50;2,00;2,06;Homme
2;1,2;0;1,00;4,00;1,00;4,50;4,00;3,50;1,50;1,00;2,56;Homme
2;1,2;1;1,00;3,00;1,00;4,00;4,00;2,50;4,00;2,00;2,69;Homme
2;1,2;2;1,00;2,00;1,00;4,00;1,00;3,00;2,00;1,00;1,88;Homme
2;1,2;3;1,00;3,00;1,00;3,00;3,00;3,50;1,50;1,00;2,12;Homme
2;1,3;-3;1,00;2,00;1,00;2,50;2,00;3,50;3,00;1,00;2,00;Homme
2;1,3;-2;1,00;5,00;1,00;2,00;1,00;1,00;2,00;1,00;1,75;Homme
2;1,3;-1;1,00;1,00;1,00;1,00;1,00;2,00;1,00;1,00;1,12;Homme
2;1,3;0;1,00;2,00;1,00;2,00;3,00;1,20;1,50;1,00;1,59;Homme
2;1,3;1;1,00;2,00;1,00;4,00;4,00;1,00;1,50;2,00;2,06;Homme
2;1,3;2;1,00;1,00;1,00;3,50;2,50;2,00;2,50;3,00;2,06;Homme
2;1,3;3;2,00;3,00;2,00;2,50;3,20;3,50;1,00;2,00;2,40;Homme
2;1,4;-3;1,00;3,00;1,00;3,50;3,50;3,00;3,50;1,00;2,44;Homme
2;1,4;-2;1,00;2,00;1,00;1,50;3,00;1,00;2,00;1,00;1,56;Homme
2;1,4;-1;1,00;1,00;1,00;1,00;2,00;3,00;2,00;1,00;1,50;Homme
2;1,4;0;2,00;4,00;2,00;3,00;1,00;1,50;2,00;1,00;2,06;Homme
2;1,4;1;1,00;2,00;1,00;5,00;4,00;3,50;2,00;1,00;2,44;Homme
2;1,4;2;1,00;2,00;1,00;3,00;3,50;3,50;3,00;2,00;2,38;Homme
2;1,4;3;3,00;2,00;3,00;3,00;3,00;3,50;1,00;1,00;2,44;Homme
2;1,5;-3;1,00;2,00;1,00;4,00;2,00;3,50;3,00;3,00;2,44;Homme
2;1,5;-2;1,00;3,00;1,00;1,00;1,00;2,00;2,00;1,00;1,50;Homme
2;1,5;-1;2,00;4,00;2,00;5,00;2,00;2,50;2,00;1,00;2,56;Homme
2;1,5;0;1,00;2,00;1,00;4,50;3,50;2,50;3,50;1,00;2,38;Homme
2;1,5;1;1,00;2,00;1,00;3,50;4,00;4,00;2,00;1,00;2,31;Homme
2;1,5;2;2,00;2,00;2,00;4,00;2,00;1,30;1,00;2,00;2,04;Homme
2;1,5;3;1,00;4,00;1,00;2,50;3,50;2,50;1,00;1,00;2,06;Homme
2;1,6;-3;2,00;4,00;2,00;3,00;2,10;2,00;1,00;1,00;2,14;Homme
2;1,6;-2;1,00;2,00;1,00;2,00;3,00;1,00;1,00;1,00;1,50;Homme
2;1,6;-1;2,00;4,00;2,00;2,50;3,00;3,00;3,00;3,00;2,81;Homme
2;1,6;0;1,00;2,00;1,00;1,50;4,00;2,00;1,00;1,00;1,69;Homme
2;1,6;1;1,00;2,00;1,00;3,50;2,00;3,00;3,00;1,00;2,06;Homme
2;1,6;2;2,00;2,00;2,00;4,00;3,00;3,50;1,50;1,00;2,38;Homme
2;1,6;3;4,00;3,00;4,00;2,50;3,00;2,20;2,00;3,50;3,03;Homme
2;1,7;-3;2,00;5,00;2,00;3,50;3,50;1,00;1,00;1,00;2,38;Homme
2;1,7;-2;1,00;2,00;1,00;2,00;1,30;1,00;3,00;1,00;1,54;Homme
2;1,7;-1;1,00;4,00;1,00;3,00;1,00;2,50;2,00;2,00;2,06;Homme
2;1,7;0;1,00;2,00;1,00;3,00;2,00;1,00;1,50;1,00;1,56;Homme
2;1,7;1;1,00;1,00;1,00;4,00;3,00;3,00;3,00;2,00;2,25;Homme
2;1,7;2;3,00;3,00;3,00;5,00;4,00;3,00;1,50;3,00;3,19;Homme
2;1,7;3;1,00;4,00;1,00;3,50;1,00;1,50;3,00;4,00;2,38;Homme
2;1,8;-3;2,00;4,00;2,00;4,00;1,00;2,50;1,50;3,00;2,50;Homme
2;1,8;-2;1,00;1,00;1,00;1,50;1,00;1,00;1,00;1,00;1,06;Homme
2;1,8;-1;1,00;3,00;1,00;2,50;1,50;1,50;2,00;1,00;1,69;Homme
2;1,8;0;2,00;2,00;2,00;3,50;3,00;2,00;2,00;3,00;2,44;Homme
2;1,8;1;3,00;3,00;3,00;3,00;2,00;3,00;2,00;1,00;2,50;Homme
2;1,8;2;2,00;5,00;2,00;4,00;3,50;3,50;2,00;2,00;3,00;Homme
2;1,8;3;2,00;4,00;2,00;3,50;2,00;2,00;3,00;1,00;2,44;Homme
3;0,5;-3;1,00;1,00;1,00;3,50;1,50;2,50;1,00;1,00;1,56;Homme
3;0,5;-2;1,00;1,00;1,00;1,00;2,00;2,50;1,00;1,00;1,31;Homme
3;0,5;-1;1,00;1,00;1,00;2,50;2,20;2,50;1,00;1,00;1,52;Homme
3;0,5;0;1,00;1,00;1,00;1,00;1,00;1,50;1,50;1,00;1,12;Homme
3;0,5;1;1,00;1,00;1,00;1,00;1,00;1,00;1,00;1,00;1,00;Homme
3;0,5;2;1,00;2,00;1,00;1,00;1,00;1,00;1,00;1,00;1,12;Homme
3;0,5;3;1,00;1,00;1,00;1,00;1,00;2,00;2,50;1,00;1,31;Homme
3;0,6;-3;1,00;2,00;1,00;2,50;2,00;1,50;2,00;3,00;1,88;Homme
3;0,6;-2;1,00;2,00;1,00;1,50;1,00;3,00;2,00;2,00;1,69;Homme
3;0,6;-1;1,00;4,00;1,00;1,00;1,00;2,50;1,00;1,00;1,56;Homme
3;0,6;0;1,00;2,00;1,00;4,00;2,00;1,50;1,00;1,00;1,69;Homme
3;0,6;1;1,00;1,00;1,00;1,00;1,00;2,00;1,00;1,00;1,12;Homme
3;0,6;2;1,00;2,00;1,00;1,50;1,00;2,00;1,50;1,00;1,38;Homme
3;0,6;3;1,00;2,00;1,00;3,50;2,00;2,30;1,00;1,00;1,73;Homme
3;0,7;-3;1,00;1,00;1,00;1,00;1,00;2,00;1,00;1,00;1,12;Homme
3;0,7;-2;1,00;2,00;1,00;1,50;3,00;1,50;1,00;1,00;1,50;Homme
3;0,7;-1;1,00;1,00;1,00;1,00;2,00;3,50;1,50;1,00;1,50;Homme
3;0,7;0;1,00;2,00;1,00;3,00;2,00;3,00;1,00;1,00;1,75;Homme
3;0,7;1;1,00;2,00;1,00;4,50;3,00;3,00;1,00;1,00;2,06;Homme
3;0,7;2;1,00;2,00;1,00;1,50;3,00;2,50;1,00;1,00;1,62;Homme
3;0,7;3;1,00;3,00;1,00;2,00;1,50;3,00;2,00;1,00;1,81;Homme
3;0,8;-3;1,00;2,00;1,00;2,00;1,00;1,00;1,50;1,00;1,31;Homme
3;0,8;-2;1,00;2,00;1,00;2,00;2,00;2,00;1,00;1,00;1,50;Homme
3;0,8;-1;1,00;2,00;1,00;1,00;2,00;3,00;1,00;1,00;1,50;Homme
3;0,8;0;1,00;2,00;1,00;3,00;1,00;2,50;1,50;2,00;1,75;Homme
3;0,8;1;1,00;4,00;1,00;2,50;2,00;3,00;1,00;1,00;1,94;Homme
3;0,8;2;1,00;4,00;1,00;2,50;3,00;2,50;1,00;2,00;2,12;Homme
3;0,8;3;1,00;3,00;1,00;3,00;2,00;1,00;4,00;2,00;2,12;Homme
3;0,9;-3;1,00;2,00;1,00;1,00;3,00;1,50;1,50;2,00;1,62;Homme
3;0,9;-2;1,00;3,00;1,00;2,00;2,00;2,50;2,00;2,00;1,94;Homme
3;0,9;-1;1,00;2,00;1,00;3,00;3,00;2,00;1,00;2,00;1,88;Homme
3;0,9;0;1,00;2,00;1,00;2,50;3,50;2,00;4,00;2,00;2,25;Homme
3;0,9;1;1,00;2,00;1,00;1,50;2,00;1,50;1,00;2,00;1,50;Homme
3;0,9;2;1,00;2,00;1,00;3,00;1,10;1,00;1,50;2,00;1,58;Homme
3;0,9;3;1,00;1,00;1,00;4,00;2,00;3,50;1,00;1,00;1,81;Homme
3;1,0;-3;1,00;2,00;1,00;1,00;1,00;1,00;1,50;1,00;1,19;Homme
3;1,0;-2;1,00;2,00;1,00;2,00;2,00;2,00;2,00;1,00;1,62;Homme
3;1,0;-1;1,00;2,00;1,00;2,00;2,50;3,00;1,00;1,00;1,69;Homme
3;1,0;0;1,00;2,00;1,00;3,00;3,00;2,50;1,00;1,00;1,81;Homme
3;1,0;1;1,00;4,00;1,00;3,50;3,00;3,00;2,00;2,00;2,44;Homme
3;1,0;2;1,00;3,00;1,00;4,00;2,50;3,50;1,00;2,00;2,25;Homme
3;1,0;3;1,00;4,00;1,00;3,50;1,50;3,00;2,00;2,00;2,25;Homme
3;1,1;-3;1,00;2,00;1,00;3,50;2,00;2,00;2,00;2,00;1,94;Homme
3;1,1;-2;1,00;2,00;1,00;2,00;3,00;2,00;3,00;1,00;1,88;Homme
3;1,1;-1;1,00;2,00;1,00;2,00;2,30;2,30;1,00;1,00;1,58;Homme
3;1,1;0;1,00;2,00;1,00;3,00;3,50;1,00;2,00;2,00;1,94;Homme
3;1,1;1;1,00;3,00;1,00;4,00;3,00;3,00;1,00;1,00;2,12;Homme
3;1,1;2;1,00;2,00;1,00;4,00;1,00;3,00;1,00;1,00;1,75;Homme
3;1,1;3;1,00;2,00;1,00;4,50;2,00;2,50;1,00;1,00;1,88;Homme
3;1,2;-3;1,00;3,00;1,00;1,00;2,20;2,50;1,00;2,00;1,71;Homme
3;1,2;-2;1,00;2,00;1,00;2,00;2,50;1,00;1,00;2,00;1,56;Homme
3;1,2;-1;1,00;2,00;1,00;2,50;1,20;2,00;1,00;1,00;1,46;Homme
3;1,2;0;1,00;2,00;1,00;4,00;3,00;1,50;1,00;1,00;1,81;Homme
3;1,2;1;1,00;2,00;1,00;4,00;3,00;3,50;1,00;2,00;2,19;Homme
3;1,2;2;1,00;3,00;1,00;4,00;3,00;2,50;1,00;2,00;2,19;Homme
3;1,2;3;1,00;2,00;1,00;3,00;1,00;3,50;1,00;1,00;1,69;Homme
3;1,3;-3;1,00;2,00;1,00;5,00;3,00;2,00;1,00;3,00;2,25;Homme
3;1,3;-2;1,00;2,00;1,00;3,00;3,50;3,00;1,00;1,00;1,94;Homme
3;1,3;-1;1,00;2,00;1,00;3,00;1,00;1,00;1,00;1,00;1,38;Homme
3;1,3;0;2,00;3,00;2,00;3,00;3,00;1,00;2,00;1,00;2,12;Homme
3;1,3;1;1,00;2,00;1,00;2,00;3,00;2,50;1,00;2,00;1,81;Homme
3;1,3;2;1,00;2,00;1,00;2,50;2,00;2,50;3,00;1,00;1,88;Homme
3;1,3;3;2,00;3,00;2,00;2,50;2,00;2,50;1,50;1,00;2,06;Homme
3;1,4;-3;1,00;2,00;1,00;2,00;3,00;3,00;1,50;1,00;1,81;Homme
3;1,4;-2;1,00;2,00;1,00;3,00;1,00;1,00;1,00;2,00;1,50;Homme
3;1,4;-1;1,00;2,00;1,00;5,00;3,00;2,50;1,50;1,00;2,12;Homme
3;1,4;0;1,00;3,00;1,00;2,50;2,00;3,00;2,00;3,00;2,19;Homme
3;1,4;1;1,00;2,00;1,00;2,00;2,00;3,00;1,00;1,00;1,62;Homme
3;1,4;2;1,00;3,00;1,00;2,00;3,00;3,00;2,00;1,00;2,00;Homme
3;1,4;3;1,00;3,00;1,00;4,00;3,50;2,00;4,00;1,00;2,44;Homme
3;1,5;-3;1,00;3,00;1,00;2,50;1,50;4,00;1,50;1,00;1,94;Homme
3;1,5;-2;1,00;3,00;1,00;1,00;1,20;2,20;2,00;1,00;1,55;Homme
3;1,5;-1;1,00;3,00;1,00;2,00;1,00;3,00;1,00;1,00;1,62;Homme
3;1,5;0;1,00;2,00;1,00;2,00;2,00;1,50;1,00;2,00;1,56;Homme
3;1,5;1;1,00;2,00;1,00;3,00;3,00;2,50;2,00;3,00;2,19;Homme
3;1,5;2;1,00;4,00;1,00;2,50;1,00;3,00;1,50;1,00;1,88;Homme
3;1,5;3;1,00;4,00;1,00;2,50;2,00;1,00;1,00;3,00;1,94;Homme
3;1,6;-3;1,00;2,00;1,00;1,50;2,00;2,50;2,00;3,00;1,88;Homme
3;1,6;-2;1,00;4,00;1,00;1,50;1,00;1,50;1,00;1,00;1,50;Homme
3;1,6;-1;1,00;2,00;1,00;3,50;1,50;2,00;1,50;1,00;1,69;Homme
3;1,6;0;1,00;3,00;1,00;2,50;3,00;1,00;1,50;2,00;1,88;Homme
3;1,6;1;1,00;2,00;1,00;3,50;2,00;2,00;1,00;1,00;1,69;Homme
3;1,6;2;1,00;2,00;1,00;4,00;1,00;2,00;1,00;1,00;1,62;Homme
3;1,6;3;1,00;2,00;1,00;3,00;2,00;2,00;1,50;2,00;1,81;Homme
3;1,7;-3;1,00;2,00;1,00;1,00;1,00;1,00;2,50;1,00;1,31;Homme
3;1,7;-2;1,00;2,00;1,00;3,00;1,00;1,00;1,00;2,00;1,50;Homme
3;1,7;-1;1,00;4,00;1,00;3,50;1,50;1,50;1,50;4,00;2,25;Homme
3;1,7;0;1,00;4,00;1,00;3,00;2,00;1,50;1,00;3,00;2,06;Homme
3;1,7;1;1,00;3,00;1,00;3,50;2,00;2,00;1,50;1,00;1,88;Homme
3;1,7;2;1,00;3,00;1,00;2,00;3,20;1,00;1,50;2,00;1,84;Homme
3;1,7;3;1,00;4,00;1,00;3,50;1,00;5,00;1,50;3,00;2,50;Homme
3;1,8;-3;1,00;2,00;1,00;1,50;1,00;1,00;1,00;2,00;1,31;Homme
3;1,8;-2;1,00;2,00;1,00;1,00;1,00;1,00;1,50;3,00;1,44;Homme
3;1,8;-1;1,00;3,00;1,00;1,00;2,00;2,50;2,00;2,00;1,81;Homme
3;1,8;0;1,00;4,00;1,00;3,00;2,20;4,00;3,00;3,00;2,65;Homme
3;1,8;1;1,00;3,00;1,00;3,00;1,00;2,50;1,00;1,00;1,69;Homme
3;1,8;2;1,00;2,00;1,00;3,00;2,50;5,00;1,00;3,00;2,31;Homme
3;1,8;3;1,00;5,00;1,00;4,00;2,00;1,00;2,50;1,00;2,19;Homme
4;0,5;-3;1,00;1,00;3,00;1,00;1,00;1,00;3,50;1,00;1,56;Homme
4;0,5;-2;1,00;1,00;;2,50;2,00;1,50;3,00;1,00;1,71;Homme
4;0,5;-1;1,00;1,00;2,00;2,00;2,00;2,00;1,50;2,00;1,69;Homme
4;0,5;0;1,00;2,00;1,00;1,00;3,00;1,00;2,10;1,00;1,51;Homme
4;0,5;1;1,00;1,00;1,00;1,00;1,00;1,00;1,00;2,00;1,12;Homme
4;0,5;2;1,00;1,00;;3,50;2,50;1,00;4,50;2,00;2,21;Homme
4;0,5;3;1,00;1,00;2,00;1,00;1,50;2,00;2,50;1,00;1,50;Homme
4;0,6;-3;1,00;1,00;4,00;2,50;3,00;1,00;3,00;1,00;2,06;Homme
4;0,6;-2;1,00;1,00;2,00;3,00;1,50;3,00;2,00;1,00;1,81;Homme
4;0,6;-1;1,00;2,00;1,00;2,00;3,00;3,00;3,50;1,00;2,06;Homme
4;0,6;0;1,00;2,00;3,00;1,00;1,00;3,50;4,50;1,00;2,12;Homme
4;0,6;1;1,00;1,00;4,00;3,00;3,50;3,00;1,50;1,00;2,25;Homme
4;0,6;2;1,00;1,00;1,00;1,00;1,50;2,50;2,50;2,00;1,56;Homme
4;0,6;3;1,00;2,00;2,00;2,00;1,00;3,00;4,00;1,00;2,00;Homme
4;0,7;-3;1,00;1,00;2,00;2,00;3,00;3,00;3,20;1,00;2,03;Homme
4;0,7;-2;1,00;1,00;1,00;1,00;1,00;3,00;1,00;2,00;1,38;Homme
4;0,7;-1;1,00;2,00;2,00;1,00;2,00;3,00;2,50;1,00;1,81;Homme
4;0,7;0;2,00;2,00;2,00;1,00;3,00;2,50;4,00;1,00;2,19;Homme
4;0,7;1;1,00;4,00;2,00;2,50;1,00;3,50;2,00;1,00;2,12;Homme
4;0,7;2;2,00;3,00;3,00;3,50;2,50;4,00;3,50;1,00;2,81;Homme
4;0,7;3;1,00;2,00;2,00;1,00;3,00;3,00;3,50;1,00;2,06;Homme
4;0,8;-3;1,00;3,00;2,00;2,00;1,00;4,00;1,00;2,00;2,00;Homme
4;0,8;-2;2,00;3,00;2,00;3,50;1,50;3,50;1,00;1,00;2,19;Homme
4;0,8;-1;1,00;2,00;2,00;1,50;1,00;4,00;2,00;1,00;1,81;Homme
4;0,8;0;1,00;3,00;1,00;3,00;3,00;3,00;1,00;1,00;2,00;Homme
4;0,8;1;2,00;3,00;4,00;4,00;4,00;4,00;4,50;2,00;3,44;Homme
4;0,8;2;1,00;3,00;3,00;3,00;2,00;2,50;4,00;2,00;2,56;Homme
4;0,8;3;1,00;3,00;2,00;1,00;1,50;2,00;3,00;2,00;1,94;Homme
4;0,9;-3;2,00;3,00;3,00;1,50;1,00;2,00;1,00;1,00;1,81;Homme
4;0,9;-2;1,00;3,00;1,00;1,00;2,50;4,00;1,50;1,00;1,88;Homme
4;0,9;-1;3,00;2,00;1,00;2,50;1,50;5,00;4,00;1,00;2,50;Homme
4;0,9;0;1,00;2,00;2,00;2,50;3,00;2,50;3,00;1,00;2,12;Homme
4;0,9;1;1,00;4,00;4,00;2,00;3,50;3,50;1,50;1,00;2,56;Homme
4;0,9;2;2,00;4,00;1,00;5,00;3,50;4,00;2,50;2,00;3,00;Homme
4;0,9;3;2,00;3,00;;3,50;1,00;5,00;3,00;1,00;2,64;Homme
4;1,0;-3;2,00;2,00;3,00;4,00;2,00;4,50;2,00;2,00;2,69;Homme
4;1,0;-2;2,00;2,00;1,00;3,00;2,00;4,00;2,50;1,00;2,19;Homme
4;1,0;-1;1,00;2,00;1,00;1,00;1,00;4,00;1,00;1,00;1,50;Homme
4;1,0;0;1,00;2,00;2,00;2,50;1,50;3,50;3,00;1,00;2,06;Homme
4;1,0;1;1,00;3,00;3,00;5,00;2,00;4,00;2,00;1,00;2,62;Homme
4;1,0;2;1,00;3,00;2,00;5,00;1,00;4,00;1,00;2,00;2,38;Homme
4;1,0;3;1,00;2,00;2,00;3,00;1,00;3,50;1,00;1,00;1,81;Homme
4;1,1;-3;1,00;2,00;1,00;1,00;1,30;3,50;1,50;1,00;1,54;Homme
4;1,1;-2;1,00;2,00;2,00;4,00;2,00;3,50;3,00;1,00;2,31;Homme
4;1,1;-1;1,00;3,00;1,00;4,00;1,00;4,00;2,00;1,00;2,12;Homme
4;1,1;0;1,00;3,00;3,00;4,50;2,00;4,00;2,00;1,00;2,56;Homme
4;1,1;1;1,00;4,00;4,00;4,00;1,00;2,00;1,50;4,00;2,69;Homme
4;1,1;2;2,00;4,00;4,00;4,00;2,00;5,00;3,00;3,00;3,38;Homme
4;1,1;3;1,00;4,00;1,00;5,00;3,50;5,00;1,00;3,00;2,94;Homme
4;1,2;-3;1,00;3,00;3,00;4,50;1,50;4,00;4,00;4,00;3,12;Homme
4;1,2;-2;1,00;2,00;2,00;1,00;1,00;2,50;3,50;1,00;1,75;Homme
4;1,2;-1;1,00;2,00;2,00;3,50;3,00;5,00;1,00;1,00;2,31;Homme
4;1,2;0;1,00;2,00;2,00;1,50;2,00;3,00;3,00;1,00;1,94;Homme
4;1,2;1;1,00;3,00;4,00;4,50;1,00;4,00;4,00;3,00;3,06;Homme
4;1,2;2;1,00;4,00;3,00;5,00;2,20;1,00;2,50;2,00;2,59;Homme
4;1,2;3;1,00;2,00;2,00;3,00;1,30;2,00;2,00;2,00;1,91;Homme
4;1,3;-3;1,00;2,00;3,00;3,00;1,00;5,00;1,00;1,00;2,12;Homme
4;1,3;-2;1,00;2,00;1,00;1,50;1,00;2,50;2,00;1,00;1,50;Homme
4;1,3;-1;1,00;2,00;1,00;2,00;1,00;3,00;1,50;2,00;1,69;Homme
4;1,3;0;1,00;2,00;1,00;1,00;2,00;1,00;1,00;1,00;1,25;Homme
4;1,3;1;1,00;5,00;3,00;5,00;1,00;4,00;1,00;4,00;3,00;Homme
4;1,3;2;1,00;4,00;1,00;5,00;1,00;4,00;1,00;2,00;2,38;Homme
4;1,3;3;1,00;2,00;1,00;3,00;3,00;2,50;1,50;1,00;1,88;Homme
4;1,4;-3;1,00;2,00;2,00;4,50;1,50;3,00;1,00;1,00;2,00;Homme
4;1,4;-2;1,00;1,00;1,00;1,50;3,00;3,50;1,00;1,00;1,62;Homme
4;1,4;-1;2,00;2,00;1,00;2,00;1,00;3,00;2,00;1,00;1,75;Homme
4;1,4;0;1,00;2,00;2,00;2,00;2,00;2,00;1,00;1,00;1,62;Homme
4;1,4;1;1,00;4,00;3,00;5,00;2,00;5,00;2,00;1,00;2,88;Homme
4;1,4;2;1,00;4,00;3,00;4,00;3,00;4,00;1,00;2,00;2,75;Homme
4;1,4;3;1,00;2,00;1,00;2,00;1,00;3,00;3,50;1,00;1,81;Homme
4;1,5;-3;3,00;2,00;1,00;3,00;2,00;1,00;2,50;1,00;1,94;Homme
4;1,5;-2;1,00;2,00;1,00;2,50;1,00;4,00;4,00;1,00;2,06;Homme
4;1,5;-1;1,00;2,00;1,00;1,00;3,00;3,00;1,00;1,00;1,62;Homme
4;1,5;0;1,00;2,00;1,00;1,00;3,00;1,00;3,50;1,00;1,69;Homme
4;1,5;1;1,00;4,00;3,00;4,00;3,00;3,50;1,00;2,00;2,69;Homme
4;1,5;2;1,00;2,00;2,00;4,00;3,00;4,00;4,00;4,00;3,00;Homme
4;1,5;3;1,00;3,00;3,00;2,50;2,50;3,50;1,00;1,00;2,19;Homme
4;1,6;-3;1,00;3,00;2,00;3,00;1,50;4,00;1,50;1,00;2,12;Homme
4;1,6;-2;1,00;1,00;2,00;1,00;2,00;1,00;1,00;1,00;1,25;Homme
4;1,6;-1;1,00;2,00;1,00;2,50;1,00;4,00;2,50;1,00;1,88;Homme
4;1,6;0;1,00;2,00;2,00;1,50;1,50;3,00;2,00;1,00;1,75;Homme
4;1,6;1;1,00;5,00;4,00;5,00;2,00;5,00;4,00;3,00;3,62;Homme
4;1,6;2;3,00;4,00;3,00;4,00;3,00;4,00;4,00;2,00;3,38;Homme
4;1,6;3;2,00;2,00;1,00;2,00;3,00;3,00;2,50;1,00;2,06;Homme
4;1,7;-3;2,00;3,00;4,00;4,00;1,00;1,50;4,00;1,00;2,56;Homme
4;1,7;-2;1,00;2,00;2,00;1,50;2,00;3,00;1,00;1,00;1,69;Homme
4;1,7;-1;1,00;2,00;1,00;3,00;2,00;3,00;1,00;1,00;1,75;Homme
4;1,7;0;1,00;2,00;1,00;1,00;1,00;1,00;1,00;1,00;1,12;Homme
4;1,7;1;1,00;5,00;2,00;4,00;2,00;4,00;2,50;2,00;2,81;Homme
4;1,7;2;1,00;3,00;2,00;4,50;2,00;2,50;1,00;3,00;2,38;Homme
4;1,7;3;1,00;2,00;1,00;3,00;2,00;4,00;3,50;1,00;2,19;Homme
4;1,8;-3;1,00;2,00;1,00;1,50;1,00;3,00;2,00;1,00;1,56;Homme
4;1,8;-2;1,00;2,00;1,00;2,00;1,00;3,50;1,00;1,00;1,56;Homme
4;1,8;-1;1,00;2,00;1,00;2,50;2,00;3,00;2,00;1,00;1,81;Homme
4;1,8;0;1,00;3,00;2,00;3,00;3,00;4,00;1,00;1,00;2,25;Homme
4;1,8;1;1,00;4,00;1,00;3,00;3,00;2,00;2,00;2,00;2,25;Homme
4;1,8;2;1,00;4,00;2,00;4,00;2,30;3,50;2,00;3,00;2,72;Homme
4;1,8;3;1,00;4,00;2,00;4,00;2,00;3,50;1,50;4,00;2,75;Homme
5;0,5;-3;1,00;1,00;4,00;5,00;1,00;2,50;1,30;1,00;2,10;Homme
5;0,5;-2;2,00;1,00;4,00;1,00;4,00;1,00;1,00;1,00;1,88;Homme
5;0,5;-1;3,00;2,00;4,00;1,00;3,50;1,00;1,50;1,00;2,12;Homme
5;0,5;0;1,00;2,00;2,00;1,50;2,00;4,00;2,00;2,00;2,06;Homme
5;0,5;1;1,00;2,00;2,00;1,00;4,00;1,00;2,00;1,00;1,75;Homme
5;0,5;2;1,00;1,00;2,00;4,00;3,00;1,00;1,50;1,00;1,81;Homme
5;0,5;3;1,00;1,00;1,00;3,00;3,00;3,00;1,00;1,00;1,75;Homme
5;0,6;-3;1,00;1,00;5,00;1,50;3,50;4,00;4,00;1,00;2,62;Homme
5;0,6;-2;1,00;1,00;4,00;2,50;3,00;4,00;3,50;1,00;2,50;Homme
5;0,6;-1;4,00;2,00;4,00;3,00;4,50;3,00;3,00;1,00;3,06;Homme
5;0,6;0;1,00;1,00;4,00;2,50;3,50;3,00;1,10;;2,30;Homme
5;0,6;1;2,00;1,00;2,00;3,00;2,00;1,00;1,00;1,00;1,62;Homme
5;0,6;2;3,00;1,00;2,00;1,00;2,50;2,50;3,50;1,00;2,06;Homme
5;0,6;3;4,00;2,00;3,00;5,00;1,10;3,00;1,50;2,00;2,70;Homme
5;0,7;-3;5,00;3,00;4,00;2,00;2,50;1,00;2,00;1,00;2,56;Homme
5;0,7;-2;3,00;1,00;4,00;1,00;2,00;3,50;3,50;2,00;2,50;Homme
5;0,7;-1;2,00;2,00;4,00;3,50;3,00;3,00;2,10;1,00;2,58;Homme
5;0,7;0;2,00;2,00;3,00;3,00;1,30;3,00;3,50;2,00;2,47;Homme
5;0,7;1;1,00;2,00;1,00;1,00;2,00;2,50;2,50;1,00;1,62;Homme
5;0,7;2;3,00;2,00;4,00;2,00;3,00;1,00;1,50;2,00;2,31;Homme
5;0,7;3;1,00;2,00;2,00;1,50;2,20;2,50;3,00;1,00;1,90;Homme
5;0,8;-3;1,00;1,00;4,00;5,00;2,50;3,00;2,00;2,00;2,56;Homme
5;0,8;-2;1,00;1,00;5,00;5,00;4,00;3,50;1,00;3,00;2,94;Homme
5;0,8;-1;2,00;1,00;3,00;2,00;2,50;4,00;2,50;2,00;2,38;Homme
5;0,8;0;2,00;2,00;2,00;1,00;3,50;4,00;2,30;2,00;2,35;Homme
5;0,8;1;2,00;2,00;2,00;1,50;2,00;1,00;4,00;1,00;1,94;Homme
5;0,8;2;1,00;2,00;2,00;3,00;2,00;2,50;3,20;1,00;2,09;Homme
5;0,8;3;1,00;1,00;4,00;4,00;2,00;2,00;3,00;1,00;2,25;Homme
5;0,9;-3;1,00;2,00;4,00;1,00;4,00;3,00;3,30;2,00;2,54;Homme
5;0,9;-2;2,00;3,00;3,00;1,50;1,00;3,00;1,00;3,00;2,19;Homme
5;0,9;-1;1,00;1,00;4,00;1,00;4,00;2,50;1,00;4,00;2,31;Homme
5;0,9;0;3,00;3,00;1,00;4,50;1,00;2,50;2,30;3,00;2,54;Homme
5;0,9;1;2,00;2,00;2,00;4,50;3,50;1,00;3,00;1,00;2,38;Homme
5;0,9;2;1,00;2,00;2,00;4,00;2,00;3,00;4,00;2,00;2,50;Homme
5;0,9;3;1,00;2,00;2,00;4,00;2,00;3,50;1,50;1,00;2,12;Homme
5;1,0;-3;1,00;4,00;4,00;1,00;3,50;2,00;2,00;2,00;2,44;Homme
5;1,0;-2;1,00;4,00;3,00;1,00;4,00;3,00;2,00;2,00;2,50;Homme
5;1,0;-1;2,00;3,00;3,00;2,00;3,00;3,50;3,20;3,00;2,84;Homme
5;1,0;0;1,00;4,00;5,00;3,00;2,00;3,00;1,00;2,00;2,62;Homme
5;1,0;1;1,00;2,00;1,00;4,50;1,00;3,50;2,00;1,00;2,00;Homme
5;1,0;2;2,00;3,00;2,00;3,00;3,00;3,00;2,30;1,00;2,41;Homme
5;1,0;3;1,00;2,00;2,00;4,00;2,00;1,00;2,00;2,00;2,00;Homme
5;1,1;-3;1,00;3,00;3,00;3,00;2,00;3,50;2,00;4,00;2,69;Homme
5;1,1;-2;1,00;5,00;4,00;4,00;4,00;2,00;2,00;1,00;2,88;Homme
5;1,1;-1;3,00;4,00;4,00;3,00;3,00;2,50;1,00;2,00;2,81;Homme
5;1,1;0;1,00;3,00;2,00;1,00;2,20;3,00;2,00;2,00;2,03;Homme
5;1,1;1;1,00;2,00;2,00;2,00;3,50;1,00;2,20;1,00;1,84;Homme
5;1,1;2;1,00;2,00;2,00;2,50;3,00;1,50;2,00;1,00;1,88;Homme
5;1,1;3;1,00;2,00;2,00;4,00;1,50;3,50;1,00;1,00;2,00;Homme
5;1,2;-3;2,00;5,00;4,00;4,50;4,00;3,00;3,50;2,00;3,50;Homme
5;1,2;-2;2,00;4,00;4,00;2,00;2,00;3,50;4,50;2,00;3,00;Homme
5;1,2;-1;1,00;4,00;3,00;3,00;2,00;2,00;1,50;3,00;2,44;Homme
5;1,2;0;1,00;3,00;4,00;2,00;4,00;3,00;3,00;2,00;2,75;Homme
5;1,2;1;1,00;1,00;1,00;1,00;2,00;1,00;3,00;1,00;1,38;Homme
5;1,2;2;1,00;3,00;2,00;1,50;2,00;2,00;4,00;3,00;2,31;Homme
5;1,2;3;4,00;3,00;4,00;2,00;1,50;4,00;1,50;2,00;2,75;Homme
5;1,3;-3;1,00;5,00;4,00;4,00;3,00;2,50;1,50;3,00;3,00;Homme
5;1,3;-2;2,00;5,00;3,00;3,00;2,00;3,00;2,50;1,00;2,69;Homme
5;1,3;-1;4,00;4,00;4,00;3,00;3,00;2,50;1,00;2,00;2,94;Homme
5;1,3;0;1,00;2,00;3,00;2,00;3,00;3,00;2,50;2,00;2,31;Homme
5;1,3;1;1,00;2,00;1,00;2,00;3,00;2,00;1,50;1,00;1,69;Homme
5;1,3;2;1,00;2,00;2,00;3,00;2,00;1,00;3,00;1,00;1,88;Homme
5;1,3;3;1,00;1,00;4,00;2,00;2,00;3,50;1,00;3,00;2,19;Homme
5;1,4;-3;1,00;5,00;4,00;4,00;3,00;2,50;2,00;4,00;3,19;Homme
5;1,4;-2;2,00;3,00;4,00;3,00;3,00;2,00;2,00;3,00;2,75;Homme
5;1,4;-1;1,00;4,00;3,00;2,00;1,00;2,50;4,50;1,00;2,38;Homme
5;1,4;0;1,00;4,00;4,00;2,00;4,00;3,00;3,20;1,00;2,78;Homme
5;1,4;1;1,00;2,00;2,00;1,00;3,00;1,00;2,00;1,00;1,62;Homme
5;1,4;2;1,00;2,00;1,00;3,00;3,00;2,50;2,00;1,00;1,94;Homme
5;1,4;3;1,00;3,00;3,00;2,00;1,00;3,00;1,00;1,00;1,88;Homme
5;1,5;-3;1,00;5,00;5,00;3,50;3,00;2,50;1,30;1,00;2,79;Homme
5;1,5;-2;2,00;4,00;4,00;3,00;3,00;2,50;1,00;3,00;2,81;Homme
5;1,5;-1;4,00;4,00;4,00;1,00;3,00;2,50;4,00;2,00;3,06;Homme
5;1,5;0;2,00;3,00;1,00;4,00;2,00;3,50;2,00;2,00;2,44;Homme
5;1,5;1;1,00;2,00;2,00;1,50;2,00;1,00;2,00;1,00;1,56;Homme
5;1,5;2;1,00;2,00;2,00;1,00;1,00;3,00;4,00;2,00;2,00;Homme
5;1,5;3;1,00;2,00;4,00;1,00;2,00;3,00;1,00;2,00;2,00;Homme
5;1,6;-3;3,00;4,00;5,00;1,00;1,00;2,00;2,10;4,00;2,76;Homme
5;1,6;-2;1,00;4,00;3,00;5,00;2,50;3,00;2,20;3,00;2,96;Homme
5;1,6;-1;2,00;4,00;3,00;3,00;3,50;2,00;1,50;2,00;2,62;Homme
5;1,6;0;2,00;3,00;2,00;2,50;2,50;2,00;2,50;2,00;2,31;Homme
5;1,6;1;1,00;2,00;1,00;1,00;1,00;1,00;1,00;1,00;1,12;Homme
5;1,6;2;1,00;2,00;2,00;4,00;4,00;1,00;1,10;1,00;2,01;Homme
5;1,6;3;2,00;3,00;1,00;1,00;2,50;2,00;4,00;1,00;2,06;Homme
5;1,7;-3;1,00;4,00;4,00;4,00;3,00;2,00;1,50;2,00;2,69;Homme
5;1,7;-2;2,00;4,00;4,00;3,00;3,00;4,00;1,00;3,00;3,00;Homme
5;1,7;-1;4,00;3,00;3,00;2,00;2,00;2,00;3,00;4,00;2,88;Homme
5;1,7;0;3,00;2,00;1,00;2,50;2,00;2,50;2,00;2,00;2,12;Homme
5;1,7;1;1,00;2,00;1,00;1,00;2,00;1,00;2,50;1,00;1,44;Homme
5;1,7;2;1,00;2,00;1,00;1,00;1,00;2,00;1,00;1,00;1,25;Homme
5;1,7;3;1,00;2,00;1,00;3,00;2,50;2,00;2,50;1,00;1,88;Homme
5;1,8;-3;4,00;4,00;4,00;1,00;3,00;1,00;1,50;3,00;2,69;Homme
5;1,8;-2;1,00;1,00;4,00;2,00;2,00;3,00;1,00;2,00;2,00;Homme
5;1,8;-1;1,00;2,00;1,00;1,50;3,00;2,00;2,00;2,00;1,81;Homme
5;1,8;0;1,00;2,00;1,00;1,00;1,50;3,00;1,50;1,00;1,50;Homme
5;1,8;1;1,00;2,00;1,00;2,00;2,00;1,00;2,00;1,00;1,50;Homme
5;1,8;2;1,00;2,00;1,00;1,00;1,00;2,00;1,00;1,00;1,25;Homme
5;1,8;3;1,00;2,00;1,00;1,00;1,00;2,50;1,00;1,00;1,31;Homme
6;0,5;-3;1,00;2,00;;2,00;2,00;1,00;1,00;1,00;1,43;Femme
6;0,5;-2;1,00;2,00;1,00;1,00;2,00;1,00;1,20;1,00;1,27;Femme
6;0,5;-1;1,00;1,00;;1,00;1,50;1,00;1,30;1,00;1,11;Femme
6;0,5;0;1,00;2,00;2,00;1,00;1,00;2,00;1,20;1,00;1,40;Femme
6;0,5;1;1,00;1,00;1,00;3,50;1,10;2,00;1,30;1,00;1,49;Femme
6;0,5;2;1,00;1,00;;1,00;1,50;2,00;1,00;1,00;1,21;Femme
6;0,5;3;1,00;2,00;;1,00;1,00;2,00;1,00;1,00;1,29;Femme
6;0,6;-3;1,00;1,00;1,00;1,00;1,10;1,00;1,00;1,00;1,01;Femme
6;0,6;-2;1,00;1,00;3,00;1,00;1,10;1,00;1,00;1,00;1,26;Femme
6;0,6;-1;1,00;2,00;3,00;1,00;1,00;1,00;1,00;1,00;1,38;Femme
6;0,6;0;1,00;1,00;2,00;2,00;1,00;2,00;1,00;1,00;1,38;Femme
6;0,6;1;1,00;1,00;1,00;1,50;2,00;2,00;1,50;1,00;1,38;Femme
6;0,6;2;1,00;1,00;;1,00;1,00;2,00;1,00;1,00;1,14;Femme
6;0,6;3;1,00;1,00;1,00;1,00;1,10;2,00;1,50;1,00;1,20;Femme
6;0,7;-3;1,00;1,00;2,00;1,00;1,10;1,00;1,50;1,00;1,20;Femme
6;0,7;-2;1,00;1,00;3,00;3,00;1,00;1,00;1,00;1,00;1,50;Femme
6;0,7;-1;1,00;1,00;1,00;1,00;2,50;2,00;1,50;1,00;1,38;Femme
6;0,7;0;1,00;1,00;1,00;2,00;1,50;1,00;1,10;1,00;1,20;Femme
6;0,7;1;1,00;1,00;;2,00;1,00;1,00;1,00;1,00;1,14;Femme
6;0,7;2;1,00;2,00;1,00;1,00;1,00;1,00;1,00;1,00;1,12;Femme
6;0,7;3;1,00;2,00;1,00;3,00;1,30;2,00;1,10;1,00;1,55;Femme
6;0,8;-3;1,00;1,00;;1,00;2,00;1,00;1,20;1,00;1,17;Femme
6;0,8;-2;1,00;1,00;1,00;1,00;1,00;1,00;1,10;1,00;1,01;Femme
6;0,8;-1;1,00;1,00;1,00;1,00;1,50;1,00;1,50;1,00;1,12;Femme
6;0,8;0;1,00;1,00;2,00;3,00;1,20;1,00;1,50;1,00;1,46;Femme
6;0,8;1;1,00;1,00;1,00;1,00;1,00;2,00;1,00;1,00;1,12;Femme
6;0,8;2;1,00;1,00;;1,00;1,50;1,00;1,00;1,00;1,07;Femme
6;0,8;3;1,00;1,00;1,00;3,00;1,00;1,00;1,00;1,00;1,25;Femme
6;0,9;-3;1,00;1,00;1,00;1,00;2,00;1,00;1,20;1,00;1,15;Femme
6;0,9;-2;1,00;1,00;2,00;2,00;1,00;2,00;1,00;1,00;1,38;Femme
6;0,9;-1;1,00;1,00;;1,00;2,00;1,00;1,00;1,00;1,14;Femme
6;0,9;0;1,00;1,00;1,00;3,50;1,20;2,00;1,00;1,00;1,46;Femme
6;0,9;1;1,00;2,00;1,00;1,00;1,40;1,00;1,20;1,00;1,20;Femme
6;0,9;2;1,00;1,00;2,00;1,00;1,10;2,00;1,00;1,00;1,26;Femme
6;0,9;3;1,00;1,00;2,00;1,00;1,00;2,00;1,20;1,00;1,27;Femme
6;1,0;-3;1,00;1,00;;3,00;1,00;2,00;1,10;1,00;1,44;Femme
6;1,0;-2;1,00;1,00;2,00;1,00;2,50;1,00;1,50;1,00;1,38;Femme
6;1,0;-1;1,00;1,00;1,00;1,00;1,00;1,00;1,00;1,00;1,00;Femme
6;1,0;0;1,00;1,00;1,00;3,00;2,00;1,00;1,00;1,00;1,38;Femme
6;1,0;1;1,00;1,00;;2,00;1,10;1,00;1,10;1,00;1,17;Femme
6;1,0;2;1,00;1,00;2,00;1,00;2,20;1,00;1,00;1,00;1,27;Femme
6;1,0;3;1,00;1,00;1,00;4,00;2,00;1,00;1,20;1,00;1,52;Femme
6;1,1;-3;1,00;1,00;2,00;3,00;2,00;1,00;1,50;1,00;1,56;Femme
6;1,1;-2;1,00;1,00;1,00;1,00;1,30;1,00;1,00;1,00;1,04;Femme
6;1,1;-1;1,00;1,00;2,00;1,00;1,00;1,00;1,40;1,00;1,17;Femme
6;1,1;0;1,00;2,00;2,00;1,00;1,20;1,00;1,00;1,00;1,27;Femme
6;1,1;1;1,00;2,00;1,00;2,00;1,00;1,00;1,00;1,00;1,25;Femme
6;1,1;2;1,00;1,00;2,00;1,00;2,00;2,00;1,00;1,00;1,38;Femme
6;1,1;3;1,00;2,00;;1,00;1,00;1,00;1,50;1,00;1,21;Femme
6;1,2;-3;1,00;1,00;2,00;1,00;2,00;1,00;1,00;1,00;1,25;Femme
6;1,2;-2;1,00;1,00;1,00;2,00;1,00;1,00;1,10;1,00;1,14;Femme
6;1,2;-1;1,00;1,00;;2,00;1,50;1,00;1,50;1,00;1,29;Femme
6;1,2;0;1,00;1,00;;3,00;1,20;2,00;1,20;1,00;1,49;Femme
6;1,2;1;1,00;1,00;2,00;1,00;1,00;2,00;2,00;1,00;1,38;Femme
6;1,2;2;1,00;2,00;1,00;3,00;1,00;2,00;1,00;1,00;1,50;Femme
6;1,2;3;1,00;1,00;;1,00;1,00;2,00;1,50;1,00;1,21;Femme
6;1,3;-3;1,00;1,00;1,00;1,00;1,00;1,00;1,00;1,00;1,00;Femme
6;1,3;-2;1,00;1,00;1,00;2,00;1,50;1,00;1,00;1,00;1,19;Femme
6;1,3;-1;1,00;1,00;2,00;2,00;1,00;1,00;1,00;1,00;1,25;Femme
6;1,3;0;1,00;1,00;2,00;3,50;1,00;1,00;1,50;1,00;1,50;Femme
6;1,3;1;1,00;1,00;2,00;2,00;1,00;1,00;1,50;1,00;1,31;Femme
6;1,3;2;1,00;1,00;2,00;1,00;1,00;2,00;1,40;1,00;1,30;Femme
6;1,3;3;1,00;1,00;1,00;3,00;1,50;1,00;1,20;1,00;1,34;Femme
6;1,4;-3;1,00;1,00;;1,00;1,10;1,00;1,20;1,00;1,04;Femme
6;1,4;-2;1,00;1,00;2,00;1,00;2,00;1,00;1,00;1,00;1,25;Femme
6;1,4;-1;1,00;1,00;;2,00;1,50;2,00;1,10;1,00;1,37;Femme
6;1,4;0;1,00;1,00;1,00;1,00;2,00;2,00;1,00;1,00;1,25;Femme
6;1,4;1;1,00;1,00;2,00;3,50;2,00;1,00;1,00;1,00;1,56;Femme
6;1,4;2;1,00;1,00;1,00;4,00;1,50;2,00;1,00;1,00;1,56;Femme
6;1,4;3;1,00;1,00;2,00;3,00;1,00;1,00;1,00;1,00;1,38;Femme
6;1,5;-3;1,00;1,00;2,00;1,00;2,30;1,00;1,00;1,00;1,29;Femme
6;1,5;-2;1,00;1,00;2,00;2,00;1,10;1,00;1,00;1,00;1,26;Femme
6;1,5;-1;1,00;1,00;2,00;1,00;2,20;2,00;1,30;1,00;1,44;Femme
6;1,5;0;1,00;1,00;1,00;1,00;1,00;1,00;1,00;1,00;1,00;Femme
6;1,5;1;1,00;1,00;;1,00;1,00;2,00;1,50;1,00;1,21;Femme
6;1,5;2;1,00;1,00;1,00;3,00;1,50;2,00;1,00;1,00;1,44;Femme
6;1,5;3;1,00;2,00;;1,00;1,00;1,00;1,50;1,00;1,21;Femme
6;1,6;-3;1,00;1,00;1,00;1,00;1,00;1,00;1,50;1,00;1,06;Femme
6;1,6;-2;1,00;1,00;2,00;3,00;1,20;1,00;1,10;1,00;1,41;Femme
6;1,6;-1;1,00;1,00;;2,00;1,50;1,00;1,00;1,00;1,21;Femme
6;1,6;0;1,00;2,00;;1,00;1,20;1,00;1,10;1,00;1,19;Femme
6;1,6;1;1,00;1,00;1,00;1,00;1,10;1,00;1,20;1,00;1,04;Femme
6;1,6;2;1,00;1,00;;1,00;1,00;2,00;1,50;1,00;1,21;Femme
6;1,6;3;1,00;1,00;2,00;2,00;2,00;1,00;1,50;1,00;1,44;Femme
6;1,7;-3;1,00;1,00;1,00;1,00;1,20;1,00;1,10;1,00;1,04;Femme
6;1,7;-2;1,00;1,00;1,00;2,00;1,00;1,00;1,00;1,00;1,12;Femme
6;1,7;-1;1,00;1,00;1,00;1,00;1,00;1,00;1,00;1,00;1,00;Femme
6;1,7;0;1,00;2,00;2,00;3,00;1,00;1,00;1,10;1,00;1,51;Femme
6;1,7;1;1,00;1,00;;1,00;1,50;1,00;1,00;1,00;1,07;Femme
6;1,7;2;1,00;1,00;;1,00;1,10;2,00;1,10;1,00;1,17;Femme
6;1,7;3;1,00;1,00;2,00;2,00;1,00;2,00;1,00;1,00;1,38;Femme
6;1,8;-3;1,00;1,00;;1,00;1,00;1,00;1,00;1,00;1,00;Femme
6;1,8;-2;1,00;1,00;1,00;1,00;1,50;1,00;1,30;1,00;1,10;Femme
6;1,8;-1;1,00;1,00;1,00;1,00;1,20;1,00;1,00;1,00;1,02;Femme
6;1,8;0;1,00;1,00;2,00;1,00;2,30;1,00;1,50;1,00;1,35;Femme
6;1,8;1;1,00;3,00;;3,00;2,00;2,00;1,00;1,00;1,86;Femme
6;1,8;2;1,00;1,00;1,00;2,00;1,20;1,00;1,00;1,00;1,15;Femme
6;1,8;3;1,00;2,00;;1,00;1,00;1,00;1,30;1,00;1,19;Femme
7;0,5;-3;1,00;1,00;;2,00;1,00;2,00;1,00;1,00;1,29;Femme
7;0,5;-2;1,00;1,00;1,00;1,00;1,50;1,00;1,50;1,00;1,12;Femme
7;0,5;-1;1,00;1,00;;1,00;1,40;3,00;1,10;1,00;1,36;Femme
7;0,5;0;1,00;1,00;;2,00;1,50;2,00;2,10;1,00;1,51;Femme
7;0,5;1;1,00;1,00;;1,00;1,30;3,00;1,10;1,00;1,34;Femme
7;0,5;2;1,00;1,00;;1,00;1,00;2,00;1,00;1,00;1,14;Femme
7;0,5;3;1,00;1,00;;1,00;1,00;1,00;1,50;1,00;1,07;Femme
7;0,6;-3;1,00;1,00;;1,00;1,00;2,00;1,00;1,00;1,14;Femme
7;0,6;-2;1,00;1,00;;2,00;1,50;3,00;1,40;1,00;1,56;Femme
7;0,6;-1;1,00;1,00;;3,00;2,50;2,00;1,00;1,00;1,64;Femme
7;0,6;0;1,00;1,00;;2,00;2,40;2,00;1,40;1,00;1,54;Femme
7;0,6;1;1,00;1,00;;1,00;1,00;3,00;1,50;1,00;1,36;Femme
7;0,6;2;1,00;1,00;;1,00;2,00;3,00;2,00;1,00;1,57;Femme
7;0,6;3;1,00;1,00;;2,00;1,50;3,00;1,00;1,00;1,50;Femme
7;0,7;-3;1,00;1,00;;1,00;1,00;1,00;2,00;1,00;1,14;Femme
7;0,7;-2;1,00;1,00;;2,00;1,00;3,00;2,00;1,00;1,57;Femme
7;0,7;-1;1,00;1,00;;2,00;2,00;2,00;1,50;1,00;1,50;Femme
7;0,7;0;1,00;1,00;1,00;1,00;2,00;1,00;1,50;1,00;1,19;Femme
7;0,7;1;1,00;1,00;1,00;1,00;2,00;1,00;1,00;1,00;1,12;Femme
7;0,7;2;1,00;1,00;1,00;1,00;2,00;1,00;3,00;1,00;1,38;Femme
7;0,7;3;1,00;1,00;;2,00;2,50;2,00;1,00;1,00;1,50;Femme
7;0,8;-3;1,00;1,00;;2,00;1,10;2,00;1,20;1,00;1,33;Femme
7;0,8;-2;1,00;1,00;;1,00;1,00;2,00;1,30;1,00;1,19;Femme
7;0,8;-1;1,00;1,00;1,00;1,00;1,30;1,00;1,50;1,00;1,10;Femme
7;0,8;0;1,00;1,00;1,00;3,00;1,00;2,00;2,00;1,00;1,50;Femme
7;0,8;1;1,00;1,00;;1,00;1,00;2,00;1,20;1,00;1,17;Femme
7;0,8;2;1,00;1,00;;1,00;2,20;3,00;1,00;1,00;1,46;Femme
7;0,8;3;1,00;1,00;1,00;2,00;1,50;1,00;1,00;1,00;1,19;Femme
7;0,9;-3;1,00;1,00;;1,00;2,00;1,00;1,40;1,00;1,20;Femme
7;0,9;-2;1,00;1,00;;2,00;1,00;2,00;1,10;1,00;1,30;Femme
7;0,9;-1;1,00;1,00;;2,00;2,10;2,00;1,00;1,00;1,44;Femme
7;0,9;0;1,00;1,00;1,00;2,00;2,00;2,00;1,10;1,00;1,39;Femme
7;0,9;1;1,00;1,00;;3,00;1,10;3,00;3,00;1,00;1,87;Femme
7;0,9;2;1,00;1,00;1,00;2,00;1,50;2,00;1,10;1,00;1,33;Femme
7;0,9;3;1,00;2,00;;1,00;1,20;2,00;1,00;1,00;1,31;Femme
7;1,0;-3;1,00;1,00;1,00;1,00;1,00;2,00;1,20;1,00;1,15;Femme
7;1,0;-2;1,00;1,00;;1,00;1,50;3,00;1,50;1,00;1,43;Femme
7;1,0;-1;1,00;1,00;1,00;3,00;2,00;1,00;1,00;1,00;1,38;Femme
7;1,0;0;1,00;1,00;1,00;2,00;2,50;1,00;1,00;1,00;1,31;Femme
7;1,0;1;1,00;1,00;;1,00;1,00;3,00;1,50;1,00;1,36;Femme
7;1,0;2;1,00;1,00;;3,00;2,00;3,00;1,20;1,00;1,74;Femme
7;1,0;3;1,00;1,00;1,00;1,00;2,00;2,00;1,20;1,00;1,27;Femme
7;1,1;-3;1,00;1,00;;1,00;2,30;2,00;1,20;1,00;1,36;Femme
7;1,1;-2;1,00;1,00;;2,00;1,00;1,00;1,10;1,00;1,16;Femme
7;1,1;-1;1,00;1,00;1,00;1,00;1,50;1,00;1,00;1,00;1,06;Femme
7;1,1;0;2,00;2,00;2,00;2,00;1,10;2,00;1,00;1,00;1,64;Femme
7;1,1;1;1,00;1,00;1,00;2,00;1,50;1,00;1,50;1,00;1,25;Femme
7;1,1;2;1,00;2,00;;2,00;2,20;2,00;1,00;1,00;1,60;Femme
7;1,1;3;1,00;1,00;1,00;3,00;1,50;1,00;1,00;1,00;1,31;Femme
7;1,2;-3;1,00;1,00;1,00;2,00;2,50;1,00;1,00;1,00;1,31;Femme
7;1,2;-2;1,00;1,00;;2,00;1,20;2,00;2,00;1,00;1,46;Femme
7;1,2;-1;1,00;1,00;;3,00;1,50;2,00;3,00;1,00;1,79;Femme
7;1,2;0;1,00;1,00;1,00;2,00;2,00;1,00;1,20;1,00;1,27;Femme
7;1,2;1;1,00;1,00;1,00;2,00;1,20;2,00;1,00;1,00;1,27;Femme
7;1,2;2;1,00;2,00;;3,00;2,20;1,00;1,20;1,00;1,63;Femme
7;1,2;3;1,00;1,00;;2,00;2,50;1,00;2,00;1,00;1,50;Femme
7;1,3;-3;1,00;1,00;1,00;2,00;1,00;1,00;1,50;1,00;1,19;Femme
7;1,3;-2;1,00;1,00;;3,00;1,50;1,00;1,50;1,00;1,43;Femme
7;1,3;-1;1,00;1,00;;1,00;2,00;1,00;1,00;1,00;1,14;Femme
7;1,3;0;1,00;1,00;;3,00;2,50;1,00;1,00;1,00;1,50;Femme
7;1,3;1;1,00;1,00;;2,00;2,50;3,00;1,00;2,00;1,79;Femme
7;1,3;2;1,00;1,00;;1,00;2,50;1,00;1,40;1,00;1,27;Femme
7;1,3;3;1,00;2,00;;2,00;2,00;1,00;1,20;1,00;1,46;Femme
7;1,4;-3;1,00;1,00;1,00;1,00;1,00;2,00;1,20;1,00;1,15;Femme
7;1,4;-2;1,00;1,00;1,00;1,00;1,30;1,00;1,50;1,00;1,10;Femme
7;1,4;-1;1,00;1,00;1,00;1,00;1,50;1,00;3,00;1,00;1,31;Femme
7;1,4;0;1,00;1,00;;1,00;2,00;2,00;1,20;1,00;1,31;Femme
7;1,4;1;1,00;1,00;;1,00;2,50;1,00;2,20;1,00;1,39;Femme
7;1,4;2;1,00;1,00;;1,00;2,20;3,00;1,20;1,00;1,49;Femme
7;1,4;3;1,00;2,00;1,00;2,00;1,00;2,00;1,50;1,00;1,44;Femme
7;1,5;-3;1,00;1,00;;1,00;1,00;1,00;1,00;1,00;1,00;Femme
7;1,5;-2;1,00;1,00;;2,00;2,20;3,00;1,00;1,00;1,60;Femme
7;1,5;-1;1,00;1,00;;1,00;1,50;1,00;3,00;2,00;1,50;Femme
7;1,5;0;1,00;1,00;;2,00;2,50;3,00;1,10;1,00;1,66;Femme
7;1,5;1;1,00;2,00;;3,00;2,00;1,00;1,40;1,00;1,63;Femme
7;1,5;2;1,00;1,00;;2,00;2,50;2,00;1,00;1,00;1,50;Femme
7;1,5;3;1,00;1,00;;3,00;1,40;3,00;1,40;2,00;1,83;Femme
7;1,6;-3;1,00;1,00;;3,00;1,00;3,00;1,00;1,00;1,57;Femme
7;1,6;-2;1,00;1,00;;3,00;1,00;1,00;1,40;1,00;1,34;Femme
7;1,6;-1;1,00;1,00;;3,00;1,10;2,00;1,30;1,00;1,49;Femme
7;1,6;0;1,00;1,00;;1,00;1,50;2,00;1,50;1,00;1,29;Femme
7;1,6;1;1,00;1,00;;2,00;2,00;2,00;2,00;1,00;1,57;Femme
7;1,6;2;1,00;1,00;1,00;3,00;1,30;2,00;1,10;1,00;1,43;Femme
7;1,6;3;1,00;1,00;;3,00;2,50;1,00;1,30;1,00;1,54;Femme
7;1,7;-3;1,00;1,00;;1,00;1,00;1,00;1,00;1,00;1,00;Femme
7;1,7;-2;1,00;1,00;;2,00;1,00;2,00;1,00;1,00;1,29;Femme
7;1,7;-1;1,00;1,00;1,00;1,00;1,00;1,00;1,10;1,00;1,01;Femme
7;1,7;0;1,00;1,00;1,00;1,00;2,00;1,00;1,10;1,00;1,14;Femme
7;1,7;1;1,00;1,00;;1,00;1,50;3,50;1,50;1,00;1,50;Femme
7;1,7;2;1,00;1,00;1,00;3,00;2,30;1,00;1,00;2,50;1,60;Femme
7;1,7;3;1,00;1,00;;2,00;2,50;1,00;1,20;2,00;1,53;Femme
7;1,8;-3;1,00;1,00;;1,00;1,00;1,00;1,30;1,00;1,04;Femme
7;1,8;-2;1,00;1,00;;3,00;1,00;2,00;1,50;1,00;1,50;Femme
7;1,8;-1;1,00;1,00;;1,00;2,00;3,00;1,00;1,00;1,43;Femme
7;1,8;0;1,00;1,00;;3,00;1,20;3,00;1,40;2,00;1,80;Femme
7;1,8;1;2,00;1,00;;1,00;2,20;2,00;2,00;2,00;1,74;Femme
7;1,8;2;1,00;1,00;;2,00;2,00;3,50;1,30;1,00;1,69;Femme
7;1,8;3;1,00;1,00;1,00;2,00;2,50;3,00;1,00;2,00;1,69;Femme
8;0,5;-3;1,00;1,00;2,00;2,00;1,10;2,00;1,00;1,00;1,39;Femme
8;0,5;-2;1,00;1,00;1,00;1,00;1,00;3,00;1,00;1,00;1,25;Femme
8;0,5;-1;1,00;1,00;1,00;1,00;1,00;3,00;1,00;1,00;1,25;Femme
8;0,5;0;1,00;1,00;2,00;3,00;1,10;2,00;1,50;1,00;1,58;Femme
8;0,5;1;1,00;1,00;1,00;1,00;1,00;1,00;1,00;1,00;1,00;Femme
8;0,5;2;1,00;1,00;1,00;3,00;1,30;2,00;1,00;1,00;1,41;Femme
8;0,5;3;1,00;1,00;1,00;1,00;1,00;2,00;1,00;1,00;1,12;Femme
8;0,6;-3;1,00;1,00;1,00;3,00;1,50;2,00;1,00;1,00;1,44;Femme
8;0,6;-2;1,00;1,00;1,00;1,00;1,00;3,00;1,20;1,00;1,27;Femme
8;0,6;-1;1,00;1,00;1,00;2,00;1,10;2,00;1,00;;1,30;Femme
8;0,6;0;2,00;3,00;1,00;3,00;1,50;3,00;1,00;2,00;2,06;Femme
8;0,6;1;1,00;1,00;1,00;3,00;1,50;2,00;1,10;1,00;1,45;Femme
8;0,6;2;1,00;1,00;2,00;3,00;1,00;3,00;1,00;1,00;1,62;Femme
8;0,6;3;1,00;1,00;1,00;2,00;1,00;2,00;1,20;;1,31;Femme
8;0,7;-3;1,00;1,00;1,00;1,00;1,00;2,00;1,00;1,00;1,12;Femme
8;0,7;-2;1,00;1,00;1,00;2,00;1,50;1,00;1,30;1,00;1,23;Femme
8;0,7;-1;1,00;1,00;2,00;3,00;1,10;3,00;1,50;1,00;1,70;Femme
8;0,7;0;1,00;1,00;1,00;3,00;1,10;1,00;1,00;1,00;1,26;Femme
8;0,7;1;1,00;1,00;2,00;1,00;1,00;3,00;1,00;1,00;1,38;Femme
8;0,7;2;1,00;1,00;1,00;1,00;1,50;2,00;1,00;1,00;1,19;Femme
8;0,7;3;1,00;2,00;1,00;1,00;1,50;3,00;1,50;1,00;1,50;Femme
8;0,8;-3;1,00;1,00;1,00;1,00;1,00;2,00;1,10;1,00;1,14;Femme
8;0,8;-2;1,00;1,00;;1,00;1,10;2,00;1,00;1,00;1,16;Femme
8;0,8;-1;1,00;1,00;1,00;1,00;1,00;1,00;1,50;1,00;1,06;Femme
8;0,8;0;1,00;1,00;2,00;2,00;1,30;3,00;1,20;1,00;1,56;Femme
8;0,8;1;1,00;1,00;;3,00;1,50;2,00;1,30;1,00;1,54;Femme
8;0,8;2;1,00;1,00;1,00;2,00;1,00;2,00;1,00;1,00;1,25;Femme
8;0,8;3;1,00;1,00;;2,00;1,10;2,00;1,00;1,00;1,30;Femme
8;0,9;-3;1,00;1,00;1,00;1,00;1,00;2,00;1,00;1,00;1,12;Femme
8;0,9;-2;1,00;1,00;;2,00;1,10;1,00;1,00;1,00;1,16;Femme
8;0,9;-1;1,00;1,00;2,00;2,00;1,00;2,00;1,00;1,00;1,38;Femme
8;0,9;0;1,00;1,00;;2,00;1,00;1,00;1,00;1,00;1,14;Femme
8;0,9;1;1,00;1,00;2,00;1,00;1,00;1,00;1,00;1,00;1,12;Femme
8;0,9;2;1,00;1,00;2,00;1,00;1,30;2,00;1,00;1,00;1,29;Femme
8;0,9;3;1,00;1,00;2,00;3,00;1,20;2,00;1,00;1,00;1,52;Femme
8;1,0;-3;1,00;2,00;;1,00;1,50;1,00;1,00;1,00;1,21;Femme
8;1,0;-2;1,00;1,00;2,00;1,00;1,00;1,00;1,00;1,00;1,12;Femme
8;1,0;-1;1,00;1,00;1,00;1,00;1,00;2,00;1,00;1,00;1,12;Femme
8;1,0;0;1,00;1,00;2,00;2,00;1,50;1,00;1,50;1,00;1,38;Femme
8;1,0;1;1,00;1,00;1,00;3,00;1,00;1,00;1,10;1,00;1,26;Femme
8;1,0;2;1,00;1,00;1,00;1,00;1,50;3,00;1,10;1,00;1,33;Femme
8;1,0;3;1,00;1,00;1,00;2,00;1,00;2,00;1,00;1,00;1,25;Femme
8;1,1;-3;1,00;1,00;;1,00;1,50;3,00;1,00;1,00;1,36;Femme
8;1,1;-2;1,00;1,00;1,00;2,00;1,50;2,00;1,30;1,00;1,35;Femme
8;1,1;-1;1,00;1,00;2,00;2,00;1,00;2,00;2,00;1,00;1,50;Femme
8;1,1;0;1,00;2,00;1,00;2,00;1,00;2,00;1,20;1,00;1,40;Femme
8;1,1;1;1,00;1,00;2,00;1,00;1,00;3,00;1,20;1,00;1,40;Femme
8;1,1;2;1,00;1,00;2,00;2,00;1,50;2,00;1,00;1,00;1,44;Femme
8;1,1;3;1,00;1,00;1,00;2,00;1,10;1,00;1,00;1,00;1,14;Femme
8;1,2;-3;1,00;1,00;1,00;2,00;1,00;1,00;1,10;1,00;1,14;Femme
8;1,2;-2;1,00;1,00;1,00;3,00;1,50;1,00;1,30;1,00;1,35;Femme
8;1,2;-1;1,00;1,00;1,00;3,00;1,50;2,00;1,30;1,00;1,48;Femme
8;1,2;0;1,00;1,00;1,00;2,00;1,30;2,00;1,00;1,00;1,29;Femme
8;1,2;1;1,00;1,00;1,00;2,00;1,20;2,00;1,40;1,00;1,32;Femme
8;1,2;2;1,00;3,00;1,00;1,00;1,10;2,00;2,00;2,00;1,64;Femme
8;1,2;3;1,00;1,00;2,00;2,00;1,00;2,00;2,50;1,00;1,56;Femme
8;1,3;-3;1,00;2,00;2,00;2,00;1,30;3,00;1,00;1,00;1,66;Femme
8;1,3;-2;1,00;1,00;1,00;3,00;1,20;3,00;2,00;1,00;1,65;Femme
8;1,3;-1;1,00;1,00;1,00;1,00;1,00;2,00;1,20;1,00;1,15;Femme
8;1,3;0;1,00;1,00;2,00;2,00;1,50;1,00;1,30;1,00;1,35;Femme
8;1,3;1;1,00;1,00;2,00;1,00;1,00;1,00;1,00;1,00;1,12;Femme
8;1,3;2;1,00;1,00;;1,00;1,30;2,00;1,00;2,00;1,33;Femme
8;1,3;3;1,00;2,00;2,00;1,00;1,00;1,00;2,00;1,00;1,38;Femme
8;1,4;-3;2,00;3,00;3,00;4,00;1,00;1,00;2,00;1,00;2,12;Femme
8;1,4;-2;1,00;2,00;2,00;3,00;1,40;1,00;1,30;1,00;1,59;Femme
8;1,4;-1;1,00;2,00;1,00;1,00;1,10;3,00;1,50;2,00;1,58;Femme
8;1,4;0;2,00;1,00;;1,00;1,30;2,50;1,40;1,00;1,46;Femme
8;1,4;1;1,00;1,00;2,00;2,00;1,30;2,00;1,00;1,00;1,41;Femme
8;1,4;2;1,00;1,00;2,00;2,00;1,50;2,00;1,30;1,00;1,48;Femme
8;1,4;3;1,00;3,00;1,00;1,00;1,10;2,00;1,10;1,00;1,40;Femme
8;1,5;-3;1,00;1,00;1,00;1,00;1,00;1,00;1,00;2,00;1,12;Femme
8;1,5;-2;2,00;3,00;2,00;4,00;1,10;1,00;1,50;1,00;1,95;Femme
8;1,5;-1;3,00;3,00;2,00;1,00;1,00;3,00;1,20;2,00;2,03;Femme
8;1,5;0;2,00;1,00;;2,00;1,00;2,50;1,50;1,00;1,57;Femme
8;1,5;1;1,00;2,00;2,00;1,00;1,50;2,00;3,00;1,00;1,69;Femme
8;1,5;2;1,00;1,00;2,00;1,00;1,30;2,00;1,30;2,00;1,45;Femme
8;1,5;3;1,00;1,00;1,00;1,00;1,10;2,00;1,00;1,00;1,14;Femme
8;1,6;-3;1,00;1,00;2,00;4,00;1,00;1,00;1,20;1,00;1,52;Femme
8;1,6;-2;1,00;4,00;3,00;4,00;1,50;3,50;2,00;4,00;2,88;Femme
8;1,6;-1;2,00;3,00;2,00;4,00;1,00;3,00;1,00;2,00;2,25;Femme
8;1,6;0;1,00;3,00;1,00;1,00;1,00;3,50;1,50;1,00;1,62;Femme
8;1,6;1;2,00;2,00;2,00;2,00;1,30;2,00;2,10;2,00;1,92;Femme
8;1,6;2;1,00;1,00;1,00;3,00;1,00;1,00;1,00;2,00;1,38;Femme
8;1,6;3;1,00;1,00;1,00;1,00;1,50;2,00;2,00;1,00;1,31;Femme
8;1,7;-3;1,00;1,00;1,00;1,00;1,00;2,00;1,00;1,00;1,12;Femme
8;1,7;-2;1,00;3,00;;3,00;1,30;2,00;1,50;2,00;1,97;Femme
8;1,7;-1;1,00;3,00;2,00;2,00;1,00;2,00;1,00;1,00;1,62;Femme
8;1,7;0;3,00;3,00;3,00;4,00;1,20;2,00;1,20;3,00;2,55;Femme
8;1,7;1;2,00;3,00;4,00;4,00;1,00;1,00;2,00;3,00;2,50;Femme
8;1,7;2;1,00;1,00;2,00;2,00;1,20;2,00;2,00;2,00;1,65;Femme
8;1,7;3;2,00;1,00;;1,00;1,20;2,50;1,00;1,00;1,39;Femme
8;1,8;-3;1,00;1,00;1,00;1,00;1,00;1,00;1,00;1,00;1,00;Femme
8;1,8;-2;1,00;1,00;1,00;3,00;1,50;1,00;1,40;1,00;1,36;Femme
8;1,8;-1;1,00;2,00;2,00;2,00;1,00;1,00;1,50;4,00;1,81;Femme
8;1,8;0;1,00;4,00;;4,00;1,20;1,00;1,00;3,00;2,17;Femme
8;1,8;1;2,00;4,00;3,00;4,00;1,00;4,00;2,20;1,00;2,65;Femme
8;1,8;2;1,00;3,00;3,00;1,00;1,00;3,00;1,00;2,00;1,88;Femme
8;1,8;3;1,00;1,00;1,00;1,00;1,00;2,50;1,00;1,00;1,19;Femme
9;0,5;-3;1,00;1,00;1,00;3,00;2,00;1,00;1,00;1,00;1,38;Femme
9;0,5;-2;1,00;1,00;1,00;1,00;1,00;2,00;1,00;1,00;1,12;Femme
9;0,5;-1;2,00;1,00;1,00;3,00;2,00;1,00;1,30;1,00;1,54;Femme
9;0,5;0;1,00;1,00;1,00;3,00;2,00;1,00;1,00;1,00;1,38;Femme
9;0,5;1;1,00;1,00;1,00;1,00;1,00;1,00;2,20;1,00;1,15;Femme
9;0,5;2;1,00;1,00;1,00;2,00;1,00;2,00;2,00;1,00;1,38;Femme
9;0,5;3;1,00;1,00;1,00;4,00;1,00;3,00;1,00;1,00;1,62;Femme
9;0,6;-3;1,00;1,00;1,00;2,00;1,10;3,00;2,00;1,00;1,51;Femme
9;0,6;-2;1,00;1,00;1,00;1,00;1,00;3,00;1,50;1,00;1,31;Femme
9;0,6;-1;1,00;1,00;1,00;3,00;1,00;3,00;1,00;1,00;1,50;Femme
9;0,6;0;1,00;1,00;1,00;4,00;1,00;3,50;2,00;1,00;1,81;Femme
9;0,6;1;1,00;1,00;1,00;3,00;1,50;3,00;1,00;1,00;1,56;Femme
9;0,6;2;1,00;1,00;1,00;2,00;1,20;2,00;2,00;1,00;1,40;Femme
9;0,6;3;2,00;1,00;2,00;1,00;2,20;1,00;2,00;1,00;1,52;Femme
9;0,7;-3;1,00;1,00;1,00;3,00;1,00;2,00;1,50;1,00;1,44;Femme
9;0,7;-2;1,00;1,00;1,00;1,00;1,00;3,00;1,50;1,00;1,31;Femme
9;0,7;-1;1,00;1,00;1,00;4,00;2,00;3,00;1,30;1,00;1,79;Femme
9;0,7;0;1,00;1,00;1,00;3,00;1,00;3,00;1,00;1,00;1,50;Femme
9;0,7;1;1,00;2,00;1,00;1,00;1,00;2,00;1,00;1,00;1,25;Femme
9;0,7;2;1,00;1,00;1,00;3,00;1,00;1,00;3,00;1,00;1,50;Femme
9;0,7;3;1,00;1,00;1,00;2,00;1,00;4,00;1,20;1,00;1,52;Femme
9;0,8;-3;1,00;1,00;1,00;1,00;1,00;1,00;2,00;1,00;1,12;Femme
9;0,8;-2;1,00;1,00;1,00;3,00;1,10;2,00;1,10;1,00;1,40;Femme
9;0,8;-1;1,00;1,00;1,00;3,00;1,10;3,00;2,50;1,00;1,70;Femme
9;0,8;0;1,00;1,00;1,00;3,00;1,00;2,00;1,00;1,00;1,38;Femme
9;0,8;1;1,00;1,00;1,00;3,00;2,20;3,00;1,20;1,00;1,67;Femme
9;0,8;2;1,00;1,00;1,00;3,00;1,40;3,50;2,00;1,00;1,74;Femme
9;0,8;3;1,00;1,00;1,00;1,00;2,00;3,00;1,30;1,00;1,41;Femme
9;0,9;-3;1,00;1,00;1,00;1,00;1,30;1,00;1,30;1,00;1,08;Femme
9;0,9;-2;1,00;1,00;1,00;2,00;1,00;3,00;2,50;1,00;1,56;Femme
9;0,9;-1;1,00;1,00;1,00;1,00;1,20;2,00;1,00;1,00;1,15;Femme
9;0,9;0;1,00;1,00;1,00;1,00;1,20;3,00;1,50;1,00;1,34;Femme
9;0,9;1;1,00;2,00;1,00;1,00;1,20;4,00;1,00;1,00;1,52;Femme
9;0,9;2;1,00;1,00;1,00;2,00;1,00;1,00;1,00;1,00;1,12;Femme
9;0,9;3;1,00;1,00;1,00;1,00;1,00;1,00;1,00;1,00;1,00;Femme
9;1,0;-3;1,00;2,00;1,00;2,00;1,00;3,50;1,50;1,00;1,62;Femme
9;1,0;-2;1,00;1,00;1,00;1,00;2,20;3,00;1,50;1,00;1,46;Femme
9;1,0;-1;1,00;1,00;1,00;2,00;2,00;2,00;2,50;1,00;1,56;Femme
9;1,0;0;1,00;1,00;1,00;1,00;1,00;2,50;1,00;1,00;1,19;Femme
9;1,0;1;1,00;1,00;1,00;1,00;1,30;3,00;1,00;1,00;1,29;Femme
9;1,0;2;1,00;1,00;1,00;1,00;1,30;3,00;3,00;1,00;1,54;Femme
9;1,0;3;1,00;1,00;1,00;1,00;1,50;3,00;1,50;1,00;1,38;Femme
9;1,1;-3;1,00;1,00;1,00;1,00;1,00;2,00;1,00;1,00;1,12;Femme
9;1,1;-2;1,00;1,00;1,00;4,00;1,00;2,00;1,00;1,00;1,50;Femme
9;1,1;-1;1,00;1,00;1,00;3,00;1,10;2,50;1,50;1,00;1,51;Femme
9;1,1;0;1,00;1,00;1,00;4,00;1,00;3,00;1,00;2,00;1,75;Femme
9;1,1;1;1,00;1,00;1,00;3,00;1,10;2,50;1,00;1,00;1,45;Femme
9;1,1;2;1,00;1,00;1,00;1,00;1,20;3,00;1,50;1,00;1,34;Femme
9;1,1;3;1,00;1,00;1,00;3,00;2,00;4,00;1,00;1,00;1,75;Femme
9;1,2;-3;1,00;1,00;1,00;1,00;1,40;4,00;1,50;1,00;1,49;Femme
9;1,2;-2;1,00;1,00;1,00;1,00;1,50;2,00;1,50;1,00;1,25;Femme
9;1,2;-1;1,00;1,00;1,00;3,00;1,50;3,00;2,00;1,00;1,69;Femme
9;1,2;0;1,00;1,00;1,00;3,00;1,50;2,00;2,00;1,00;1,56;Femme
9;1,2;1;1,00;2,00;1,00;3,00;1,50;3,00;2,20;1,00;1,84;Femme
9;1,2;2;1,00;1,00;1,00;2,00;2,00;3,00;1,50;1,00;1,56;Femme
9;1,2;3;1,00;2,00;1,00;4,00;1,20;3,50;1,00;1,00;1,84;Femme
9;1,3;-3;1,00;1,00;1,00;3,00;1,10;1,00;2,00;2,00;1,51;Femme
9;1,3;-2;1,00;1,00;1,00;1,00;1,00;4,00;1,10;1,00;1,39;Femme
9;1,3;-1;1,00;1,00;1,00;2,00;1,00;3,00;1,00;1,00;1,38;Femme
9;1,3;0;1,00;1,00;1,00;1,00;2,00;4,00;2,00;1,00;1,62;Femme
9;1,3;1;1,00;1,00;1,00;2,00;1,00;2,00;3,00;2,00;1,62;Femme
9;1,3;2;1,00;2,00;1,00;2,00;1,00;2,00;1,50;1,00;1,44;Femme
9;1,3;3;1,00;1,00;1,00;3,00;2,00;2,00;2,00;1,00;1,62;Femme
9;1,4;-3;1,00;1,00;1,00;1,00;1,00;3,00;1,00;1,00;1,25;Femme
9;1,4;-2;1,00;1,00;1,00;4,00;1,10;3,50;2,00;1,00;1,83;Femme
9;1,4;-1;1,00;1,00;2,00;5,00;2,00;3,00;2,00;1,00;2,12;Femme
9;1,4;0;2,00;1,00;1,00;3,00;2,00;2,00;2,00;1,00;1,75;Femme
9;1,4;1;1,00;1,00;1,00;3,00;2,00;2,00;1,50;1,00;1,56;Femme
9;1,4;2;1,00;1,00;1,00;1,00;1,00;1,00;1,00;1,00;1,00;Femme
9;1,4;3;1,00;1,00;1,00;1,00;1,50;3,00;1,00;1,00;1,31;Femme
9;1,5;-3;1,00;1,00;1,00;3,00;1,00;1,50;1,00;1,00;1,31;Femme
9;1,5;-2;1,00;1,00;1,00;4,00;1,20;2,00;1,00;1,00;1,52;Femme
9;1,5;-1;1,00;1,00;1,00;4,00;1,50;4,00;2,00;1,00;1,94;Femme
9;1,5;0;1,00;1,00;1,00;4,00;1,00;2,00;1,00;1,00;1,50;Femme
9;1,5;1;1,00;1,00;1,00;1,00;1,50;2,00;1,00;1,00;1,19;Femme
9;1,5;2;1,00;1,00;1,00;2,00;1,50;2,00;1,20;1,00;1,34;Femme
9;1,5;3;1,00;1,00;1,00;1,00;2,00;3,50;2,00;1,00;1,56;Femme
9;1,6;-3;1,00;1,00;1,00;1,00;1,50;1,00;1,10;1,00;1,08;Femme
9;1,6;-2;1,00;1,00;1,00;4,00;2,00;3,50;1,00;1,00;1,81;Femme
9;1,6;-1;1,00;1,00;1,00;4,00;1,50;4,00;1,00;1,00;1,81;Femme
9;1,6;0;1,00;1,00;1,00;5,00;2,00;4,00;1,10;1,00;2,01;Femme
9;1,6;1;1,00;2,00;1,00;2,00;2,00;4,00;1,50;1,00;1,81;Femme
9;1,6;2;1,00;1,00;1,00;3,00;2,00;3,00;4,00;1,00;2,00;Femme
9;1,6;3;1,00;1,00;1,00;4,00;2,00;2,00;1,50;1,00;1,69;Femme
9;1,7;-3;1,00;2,00;1,00;2,00;1,00;1,00;3,00;1,00;1,50;Femme
9;1,7;-2;1,00;1,00;1,00;3,00;1,00;1,50;1,30;1,00;1,35;Femme
9;1,7;-1;1,00;1,00;1,00;4,00;1,50;4,00;1,00;1,00;1,81;Femme
9;1,7;0;2,00;2,00;1,00;2,00;2,10;4,00;1,50;2,00;2,08;Femme
9;1,7;1;1,00;1,00;1,00;5,00;1,50;3,50;1,50;1,00;1,94;Femme
9;1,7;2;1,00;3,00;1,00;5,00;1,00;3,00;1,20;1,00;2,03;Femme
9;1,7;3;1,00;1,00;1,00;3,00;2,00;1,00;1,00;1,00;1,38;Femme
9;1,8;-3;1,00;1,00;1,00;2,00;1,00;1,00;2,50;1,00;1,31;Femme
9;1,8;-2;1,00;1,00;1,00;2,00;2,00;1,00;2,00;1,00;1,38;Femme
9;1,8;-1;1,00;1,00;1,00;3,00;1,00;1,00;2,00;2,00;1,50;Femme
9;1,8;0;1,00;1,00;1,00;4,00;1,50;3,00;1,00;1,00;1,69;Femme
9;1,8;1;1,00;2,00;1,00;3,00;2,50;3,00;4,00;1,00;2,19;Femme
9;1,8;2;1,00;1,00;1,00;5,00;1,50;3,00;3,00;2,00;2,19;Femme
9;1,8;3;2,00;1,00;1,00;3,00;2,00;3,00;1,00;1,00;1,75;Femme
10;0,5;-3;;1,00;;1,00;2,00;1,00;;1,00;1,20;Femme
10;0,5;-2;;1,00;;1,00;1,00;2,00;;1,00;1,20;Femme
10;0,5;-1;1,00;1,00;;1,00;1,50;2,00;;1,00;1,25;Femme
10;0,5;0;1,00;1,00;;2,00;2,00;2,00;;1,00;1,50;Femme
10;0,5;1;1,00;;;3,00;1,00;2,00;;1,00;1,60;Femme
10;0,5;2;1,00;;;3,00;1,00;2,00;2,00;1,00;1,67;Femme
10;0,5;3;1,00;1,00;;3,00;1,50;2,00;;1,00;1,58;Femme
10;0,6;-3;;1,00;;1,00;1,50;2,00;;1,00;1,30;Femme
10;0,6;-2;;1,00;;3,00;2,00;1,00;;1,00;1,60;Femme
10;0,6;-1;1,00;1,00;;1,00;1,50;1,00;1,30;1,00;1,11;Femme
10;0,6;0;1,00;1,00;;1,00;1,50;2,00;;1,00;1,25;Femme
10;0,6;1;1,00;;;3,00;1,00;2,00;;1,00;1,60;Femme
10;0,6;2;1,00;;;3,00;1,00;1,00;;1,00;1,40;Femme
10;0,6;3;1,00;1,00;;3,00;1,50;2,00;2,00;1,00;1,64;Femme
10;0,7;-3;;1,00;;2,00;1,00;2,00;;1,00;1,40;Femme
10;0,7;-2;;1,00;;1,00;1,50;2,00;;1,00;1,30;Femme
10;0,7;-1;1,00;1,00;;1,00;1,00;2,00;1,30;1,00;1,19;Femme
10;0,7;0;2,00;1,00;;2,00;1,20;2,00;;1,00;1,53;Femme
10;0,7;1;1,00;;;3,00;1,00;2,00;;1,00;1,60;Femme
10;0,7;2;1,00;;;1,00;1,00;2,00;2,00;1,00;1,33;Femme
10;0,7;3;1,00;1,00;;3,00;2,00;2,00;;1,00;1,67;Femme
10;0,8;-3;;1,00;;2,00;1,30;1,00;;1,00;1,26;Femme
10;0,8;-2;;1,00;;1,00;1,00;1,00;;1,00;1,00;Femme
10;0,8;-1;1,00;1,00;;2,00;2,00;2,00;;1,00;1,50;Femme
10;0,8;0;1,00;1,00;;2,00;1,00;1,00;2,30;1,00;1,33;Femme
10;0,8;1;1,00;;;2,00;2,00;2,00;;1,00;1,60;Femme
10;0,8;2;1,00;;;2,00;1,50;2,00;;1,00;1,50;Femme
10;0,8;3;1,00;1,00;;2,00;1,00;2,00;;1,00;1,33;Femme
10;0,9;-3;;1,00;;1,00;1,20;1,00;1,20;1,00;1,07;Femme
10;0,9;-2;;1,00;;1,00;1,20;1,00;;1,00;1,04;Femme
10;0,9;-1;1,00;1,00;;1,00;1,50;1,00;;1,00;1,08;Femme
10;0,9;0;1,00;1,00;;2,00;1,00;1,00;2,00;1,00;1,29;Femme
10;0,9;1;1,00;;;2,00;1,00;1,00;;1,00;1,20;Femme
10;0,9;2;1,00;;;2,00;1,50;2,00;;1,00;1,50;Femme
10;0,9;3;1,00;1,00;;3,00;1,00;2,00;;1,00;1,50;Femme
10;1,0;-3;;2,00;;1,00;1,50;2,00;2,00;1,00;1,58;Femme
10;1,0;-2;;1,00;;2,00;1,00;1,00;;1,00;1,20;Femme
10;1,0;-1;1,00;1,00;;2,00;1,20;1,00;1,50;1,00;1,24;Femme
10;1,0;0;1,00;1,00;;2,00;1,20;2,00;1,00;1,00;1,31;Femme
10;1,0;1;1,00;;;1,00;1,00;2,00;;1,00;1,20;Femme
10;1,0;2;1,00;;;3,00;2,00;1,00;;1,00;1,60;Femme
10;1,0;3;1,00;1,00;;2,00;1,00;2,00;2,50;1,00;1,50;Femme
10;1,1;-3;;1,00;;1,00;1,20;1,00;;1,00;1,04;Femme
10;1,1;-2;;1,00;;2,00;2,00;1,00;;1,00;1,40;Femme
10;1,1;-1;1,00;1,00;;1,00;1,50;1,00;;1,00;1,08;Femme
10;1,1;0;1,00;1,00;;2,00;1,50;2,00;;1,00;1,42;Femme
10;1,1;1;1,00;;;2,00;1,50;2,00;1,20;1,00;1,45;Femme
10;1,1;2;1,00;;;2,00;1,00;2,00;1,20;1,00;1,37;Femme
10;1,1;3;1,00;2,00;;2,00;1,00;2,00;;1,00;1,50;Femme
10;1,2;-3;;1,00;;1,00;1,50;1,00;;1,00;1,10;Femme
10;1,2;-2;;;;1,00;2,00;2,00;;1,00;1,50;Femme
10;1,2;-1;1,00;1,00;;2,00;1,00;1,00;2,00;1,00;1,29;Femme
10;1,2;0;1,00;1,00;;1,00;2,00;1,00;;1,00;1,17;Femme
10;1,2;1;1,00;1,00;;4,00;1,00;1,00;;1,00;1,50;Femme
10;1,2;2;1,00;;;2,00;1,00;1,00;2,00;1,00;1,33;Femme
10;1,2;3;1,00;1,00;;2,00;1,00;2,00;1,50;1,00;1,36;Femme
10;1,3;-3;;1,00;;1,00;1,20;1,00;;1,00;1,04;Femme
10;1,3;-2;;1,00;;2,00;2,20;2,00;;1,00;1,64;Femme
10;1,3;-1;1,00;1,00;;1,00;1,50;2,00;;1,00;1,25;Femme
10;1,3;0;1,00;1,00;;4,00;1,00;1,00;;1,00;1,50;Femme
10;1,3;1;1,00;;;3,00;1,50;1,00;1,10;1,00;1,43;Femme
10;1,3;2;1,00;;;1,00;1,00;2,00;;1,00;1,20;Femme
10;1,3;3;1,00;1,00;;2,00;1,00;1,00;1,50;1,00;1,21;Femme
10;1,4;-3;;1,00;;2,00;1,20;2,00;;1,00;1,44;Femme
10;1,4;-2;;1,00;;3,00;1,00;1,00;;1,00;1,40;Femme
10;1,4;-1;1,00;1,00;;1,00;2,00;1,00;;1,00;1,17;Femme
10;1,4;0;1,00;1,00;;1,00;1,00;1,00;;1,00;1,00;Femme
10;1,4;1;1,00;;;1,00;1,50;1,00;1,50;1,00;1,17;Femme
10;1,4;2;1,00;;;3,00;2,00;2,00;1,00;1,00;1,67;Femme
10;1,4;3;1,00;3,00;;1,00;1,10;2,00;;1,00;1,52;Femme
10;1,5;-3;;1,00;;1,00;2,50;1,00;;1,00;1,30;Femme
10;1,5;-2;;1,00;;1,00;1,00;1,00;;1,00;1,00;Femme
10;1,5;-1;1,00;1,00;;1,00;2,10;1,00;;1,00;1,18;Femme
10;1,5;0;1,00;1,00;;1,00;1,50;1,00;;1,00;1,08;Femme
10;1,5;1;1,00;;;3,00;1,50;3,00;;2,00;2,10;Femme
10;1,5;2;1,00;;;1,00;1,00;2,00;;1,00;1,20;Femme
10;1,5;3;1,00;2,00;;1,00;1,10;2,00;1,20;1,00;1,33;Femme
10;1,6;-3;;1,00;;1,00;1,50;1,00;;1,00;1,10;Femme
10;1,6;-2;;1,00;;1,00;1,00;1,00;;1,00;1,00;Femme
10;1,6;-1;1,00;1,00;;1,00;1,00;1,00;;1,00;1,00;Femme
10;1,6;0;1,00;1,00;;1,00;1,10;2,00;;1,00;1,18;Femme
10;1,6;1;1,00;;;3,00;1,00;1,00;;1,00;1,40;Femme
10;1,6;2;1,00;;;1,00;2,00;3,00;1,00;1,00;1,50;Femme
10;1,6;3;1,00;1,00;;3,00;2,00;3,00;;1,00;1,83;Femme
10;1,7;-3;;1,00;;1,00;2,00;1,00;2,30;1,00;1,38;Femme
10;1,7;-2;;1,00;;1,00;1,50;1,00;;1,00;1,10;Femme
10;1,7;-1;1,00;1,00;;1,00;1,00;1,00;;1,00;1,00;Femme
10;1,7;0;1,00;1,00;;1,00;1,00;1,00;1,50;1,00;1,07;Femme
10;1,7;1;1,00;;;3,00;1,50;1,00;;1,00;1,50;Femme
10;1,7;2;1,00;;;2,00;1,20;3,00;;2,00;1,84;Femme
10;1,7;3;1,00;2,00;;4,00;1,00;1,00;;1,00;1,67;Femme
10;1,8;-3;;1,00;;1,00;1,00;1,00;2,00;1,00;1,17;Femme
10;1,8;-2;;1,00;;1,00;1,30;1,00;1,30;1,00;1,10;Femme
10;1,8;-1;1,00;1,00;;3,00;1,00;1,00;;1,00;1,33;Femme
10;1,8;0;1,00;1,00;;3,00;1,00;1,00;;1,00;1,33;Femme
10;1,8;1;1,00;;;1,00;1,00;1,00;;1,00;1,00;Femme
10;1,8;2;1,00;;;1,00;1,30;1,00;;1,00;1,06;Femme
10;1,8;3;1,00;1,00;;4,00;1,50;1,00;1,20;1,00;1,53;Femme
